Match,Team 1,Team 2,Date,Time,Season
Match 1,Royal Challengers Bangalore,Kolkata Knight Riders,2008-04-18,8:00 pm,2008
Match 2,Punjab Kings,Chennai Super Kings,2008-04-19,4:00 pm,2008
Match 3,Delhi Daredevils,Rajasthan Royals,2008-04-19,8:00 pm,2008
Match 4,Kolkata Knight Riders,Deccan Chargers,2008-04-20,4:00 pm,2008
Match 5,Mumbai Indians,Royal Challengers Bangalore,2008-04-20,8:00 pm,2008
Match 6,Rajasthan Royals,Punjab Kings,2008-04-21,8:00 pm,2008
Match 7,Deccan Chargers,Delhi Daredevils,2008-04-22,8:00 pm,2008
Match 8,Chennai Super Kings,Mumbai Indians,2008-04-23,8:00 pm,2008
Match 9,Deccan Chargers,Rajasthan Royals,2008-04-24,8:00 pm,2008
Match 10,Punjab Kings,Mumbai Indians,2008-04-25,8:00 pm,2008
Match 11,Chennai Super Kings,Kolkata Knight Riders,2008-04-26,4:00 pm,2008
Match 12,Royal Challengers Bangalore,Rajasthan Royals,2008-04-26,8:00 pm,2008
Match 13,Punjab Kings,Delhi Daredevils,2008-04-27,4:00 pm,2008
Match 14,Mumbai Indians,Deccan Chargers,2008-04-27,8:00 pm,2008
Match 15,Royal Challengers Bangalore,Chennai Super Kings,2008-04-28,8:00 pm,2008
Match 16,Kolkata Knight Riders,Mumbai Indians,2008-04-29,8:00 pm,2008
Match 17,Delhi Daredevils,Royal Challengers Bangalore,2008-04-30,8:00 pm,2008
Match 18,Rajasthan Royals,Kolkata Knight Riders,2008-05-01,4:00 pm,2008
Match 19,Deccan Chargers,Punjab Kings,2008-05-01,8:00 pm,2008
Match 20,Chennai Super Kings,Delhi Daredevils,2008-05-02,8:00 pm,2008
Match 21,Royal Challengers Bangalore,Deccan Chargers,2008-05-03,4:00 pm,2008
Match 22,Punjab Kings,Kolkata Knight Riders,2008-05-03,8:00 pm,2008
Match 23,Mumbai Indians,Delhi Daredevils,2008-05-04,4:00 pm,2008
Match 24,Rajasthan Royals,Chennai Super Kings,2008-05-04,8:00 pm,2008
Match 25,Royal Challengers Bangalore,Punjab Kings,2008-05-05,8:00 pm,2008
Match 26,Chennai Super Kings,Deccan Chargers,2008-05-06,8:00 pm,2008
Match 27,Mumbai Indians,Rajasthan Royals,2008-05-07,8:00 pm,2008
Match 28,Delhi Daredevils,Chennai Super Kings,2008-05-08,4:00 pm,2008
Match 29,Kolkata Knight Riders,Royal Challengers Bangalore,2008-05-08,8:00 pm,2008
Match 30,Rajasthan Royals,Deccan Chargers,2008-05-09,8:00 pm,2008
Match 31,Chennai Super Kings,Punjab Kings,2008-05-10,8:00 pm,2008
Match 32,Deccan Chargers,Kolkata Knight Riders,2008-05-11,4:00 pm,2008
Match 33,Rajasthan Royals,Delhi Daredevils,2008-05-11,8:00 pm,2008
Match 34,Punjab Kings,Royal Challengers Bangalore,2008-05-12,8:00 pm,2008
Match 35,Kolkata Knight Riders,Delhi Daredevils,2008-05-13,8:00 pm,2008
Match 36,Mumbai Indians,Chennai Super Kings,2008-05-14,8:00 pm,2008
Match 37,Delhi Daredevils,Deccan Chargers,2008-05-15,8:00 pm,2008
Match 38,Mumbai Indians,Kolkata Knight Riders,2008-05-16,8:00 pm,2008
Match 39,Rajasthan Royals,Royal Challengers Bangalore,2008-05-17,4:00 pm,2008
Match 40,Delhi Daredevils,Punjab Kings,2008-05-17,8:00 pm,2008
Match 41,Kolkata Knight Riders,Chennai Super Kings,2008-05-18,4:00 pm,2008
Match 42,Deccan Chargers,Mumbai Indians,2008-05-18,8:00 pm,2008
Match 43,Royal Challengers Bangalore,Delhi Daredevils,2008-05-19,8:00 pm,2008
Match 44,Kolkata Knight Riders,Rajasthan Royals,2008-05-20,8:00 pm,2008
Match 45,Mumbai Indians,Punjab Kings,2008-05-21,4:00 pm,2008
Match 46,Chennai Super Kings,Royal Challengers Bangalore,2008-05-21,8:00 pm,2008
Match 47,Delhi Daredevils,Kolkata Knight Riders,2008-05-22,8:00 pm,2008
Match 48,Punjab Kings,Deccan Chargers,2008-05-23,8:00 pm,2008
Match 49,Chennai Super Kings,Rajasthan Royals,2008-05-24,4:00 pm,2008
Match 50,Delhi Daredevils,Mumbai Indians,2008-05-24,8:00 pm,2008
Match 51,Deccan Chargers,Royal Challengers Bangalore,2008-05-25,4:00 pm,2008
Match 52,Kolkata Knight Riders,Punjab Kings,2008-05-25,8:00 pm,2008
Match 53,Rajasthan Royals,Mumbai Indians,2008-05-26,8:00 pm,2008
Match 54,Deccan Chargers,Chennai Super Kings,2008-05-27,8:00 pm,2008
Match 55,Royal Challengers Bangalore,Mumbai Indians,2008-05-28,4:00 pm,2008
Match 56,Punjab Kings,Rajasthan Royals,2008-05-28,8:00 pm,2008
Match 57,Delhi Daredevils,Rajasthan Royals,2008-05-30,8:00 pm,2008
Match 58,Chennai Super Kings,Punjab Kings,2008-05-31,8:00 pm,2008
Match 59,Chennai Super Kings,Rajasthan Royals,2008-06-01,8:00 pm,2008
Match 1,Chennai Super Kings,Mumbai Indians,2009-04-18,4:00 pm,2009
Match 2,Royal Challengers Bangalore,Rajasthan Royals,2009-04-18,8:00 pm,2009
Match 3,Delhi Daredevils,Punjab Kings,2009-04-19,4:00 pm,2009
Match 4,Deccan Chargers,Kolkata Knight Riders,2009-04-19,8:00 pm,2009
Match 5,Royal Challengers Bangalore,Chennai Super Kings,2009-04-20,8:00 pm,2009
Match 6,Punjab Kings,Kolkata Knight Riders,2009-04-21,4:00 pm,2009
Match 7,Mumbai Indians,Rajasthan Royals,2009-04-21,8:00 pm,2009
Match 8,Royal Challengers Bangalore,Deccan Chargers,2009-04-22,8:00 pm,2009
Match 9,Chennai Super Kings,Delhi Daredevils,2009-04-23,4:00 pm,2009
Match 10,Kolkata Knight Riders,Rajasthan Royals,2009-04-23,8:00 pm,2009
Match 11,Royal Challengers Bangalore,Punjab Kings,2009-04-24,8:00 pm,2009
Match 12,Deccan Chargers,Mumbai Indians,2009-04-25,4:00 pm,2009
Match 13,Chennai Super Kings,Kolkata Knight Riders,2009-04-25,8:00 pm,2009
Match 14,Royal Challengers Bangalore,Delhi Daredevils,2009-04-26,4:00 pm,2009
Match 15,Punjab Kings,Rajasthan Royals,2009-04-26,8:00 pm,2009
Match 16,Chennai Super Kings,Deccan Chargers,2009-04-27,4:00 pm,2009
Match 17,Kolkata Knight Riders,Mumbai Indians,2009-04-27,8:00 pm,2009
Match 18,Delhi Daredevils,Rajasthan Royals,2009-04-28,8:00 pm,2009
Match 19,Royal Challengers Bangalore,Kolkata Knight Riders,2009-04-29,4:00 pm,2009
Match 20,Punjab Kings,Mumbai Indians,2009-04-29,8:00 pm,2009
Match 21,Deccan Chargers,Delhi Daredevils,2009-04-30,4:00 pm,2009
Match 22,Chennai Super Kings,Rajasthan Royals,2009-04-30,8:00 pm,2009
Match 23,Kolkata Knight Riders,Mumbai Indians,2009-05-01,4:00 pm,2009
Match 24,Royal Challengers Bangalore,Punjab Kings,2009-05-01,8:00 pm,2009
Match 25,Deccan Chargers,Rajasthan Royals,2009-05-02,4:00 pm,2009
Match 26,Chennai Super Kings,Delhi Daredevils,2009-05-02,8:00 pm,2009
Match 27,Punjab Kings,Kolkata Knight Riders,2009-05-03,4:00 pm,2009
Match 28,Royal Challengers Bangalore,Mumbai Indians,2009-05-03,8:00 pm,2009
Match 29,Chennai Super Kings,Deccan Chargers,2009-05-04,8:00 pm,2009
Match 30,Punjab Kings,Rajasthan Royals,2009-05-05,4:00 pm,2009
Match 31,Delhi Daredevils,Kolkata Knight Riders,2009-05-05,8:00 pm,2009
Match 32,Deccan Chargers,Mumbai Indians,2009-05-06,8:00 pm,2009
Match 33,Royal Challengers Bangalore,Rajasthan Royals,2009-05-07,4:00 pm,2009
Match 34,Chennai Super Kings,Punjab Kings,2009-05-07,8:00 pm,2009
Match 35,Delhi Daredevils,Mumbai Indians,2009-05-08,8:00 pm,2009
Match 36,Deccan Chargers,Punjab Kings,2009-05-09,4:00 pm,2009
Match 37,Chennai Super Kings,Rajasthan Royals,2009-05-09,8:00 pm,2009
Match 38,Royal Challengers Bangalore,Mumbai Indians,2009-05-10,4:00 pm,2009
Match 39,Delhi Daredevils,Kolkata Knight Riders,2009-05-10,8:00 pm,2009
Match 40,Deccan Chargers,Rajasthan Royals,2009-05-11,8:00 pm,2009
Match 41,Royal Challengers Bangalore,Kolkata Knight Riders,2009-05-12,4:00 pm,2009
Match 42,Punjab Kings,Mumbai Indians,2009-05-12,8:00 pm,2009
Match 43,Deccan Chargers,Delhi Daredevils,2009-05-13,8:00 pm,2009
Match 44,Royal Challengers Bangalore,Chennai Super Kings,2009-05-14,4:00 pm,2009
Match 45,Mumbai Indians,Rajasthan Royals,2009-05-14,8:00 pm,2009
Match 46,Delhi Daredevils,Punjab Kings,2009-05-15,8:00 pm,2009
Match 47,Chennai Super Kings,Mumbai Indians,2009-05-16,4:00 pm,2009
Match 48,Deccan Chargers,Kolkata Knight Riders,2009-05-16,8:00 pm,2009
Match 49,Deccan Chargers,Punjab Kings,2009-05-17,4:00 pm,2009
Match 50,Delhi Daredevils,Rajasthan Royals,2009-05-17,8:00 pm,2009
Match 51,Chennai Super Kings,Kolkata Knight Riders,2009-05-18,8:00 pm,2009
Match 52,Royal Challengers Bangalore,Delhi Daredevils,2009-05-19,8:00 pm,2009
Match 53,Kolkata Knight Riders,Rajasthan Royals,2009-05-20,4:00 pm,2009
Match 54,Chennai Super Kings,Punjab Kings,2009-05-20,8:00 pm,2009
Match 55,Delhi Daredevils,Mumbai Indians,2009-05-21,4:00 pm,2009
Match 56,Royal Challengers Bangalore,Deccan Chargers,2009-05-21,8:00 pm,2009
Match 57,Delhi Daredevils,Deccan Chargers,2009-05-22,8:00 pm,2009
Match 58,Royal Challengers Bangalore,Chennai Super Kings,2009-05-23,8:00 pm,2009
Match 59,Royal Challengers Bangalore,Deccan Chargers,2009-05-24,8:00 pm,2009
Match 1,Deccan Chargers,Kolkata Knight Riders,2010-03-12,8:00 pm,2010
Match 2,Mumbai Indians,Rajasthan Royals,2010-03-13,4:00 pm,2010
Match 3,Punjab Kings,Delhi Daredevils,2010-03-13,8:00 pm,2010
Match 4,Kolkata Knight Riders,Royal Challengers Bangalore,2010-03-14,4:00 pm,2010
Match 5,Chennai Super Kings,Deccan Chargers,2010-03-14,8:00 pm,2010
Match 6,Rajasthan Royals,Delhi Daredevils,2010-03-15,8:00 pm,2010
Match 7,Royal Challengers Bangalore,Punjab Kings,2010-03-16,4:00 pm,2010
Match 8,Kolkata Knight Riders,Chennai Super Kings,2010-03-16,8:00 pm,2010
Match 9,Delhi Daredevils,Mumbai Indians,2010-03-17,8:00 pm,2010
Match 10,Royal Challengers Bangalore,Rajasthan Royals,2010-03-18,8:00 pm,2010
Match 11,Delhi Daredevils,Chennai Super Kings,2010-03-19,4:00 pm,2010
Match 12,Deccan Chargers,Punjab Kings,2010-03-19,8:00 pm,2010
Match 13,Rajasthan Royals,Kolkata Knight Riders,2010-03-20,4:00 pm,2010
Match 14,Mumbai Indians,Royal Challengers Bangalore,2010-03-20,8:00 pm,2010
Match 15,Deccan Chargers,Delhi Daredevils,2010-03-21,4:00 pm,2010
Match 16,Chennai Super Kings,Punjab Kings,2010-03-21,8:00 pm,2010
Match 17,Mumbai Indians,Kolkata Knight Riders,2010-03-22,8:00 pm,2010
Match 18,Royal Challengers Bangalore,Chennai Super Kings,2010-03-23,8:00 pm,2010
Match 19,Punjab Kings,Rajasthan Royals,2010-03-24,8:00 pm,2010
Match 20,Royal Challengers Bangalore,Delhi Daredevils,2010-03-25,4:00 pm,2010
Match 21,Mumbai Indians,Chennai Super Kings,2010-03-25,8:00 pm,2010
Match 22,Rajasthan Royals,Deccan Chargers,2010-03-26,8:00 pm,2010
Match 23,Punjab Kings,Kolkata Knight Riders,2010-03-27,8:00 pm,2010
Match 24,Rajasthan Royals,Chennai Super Kings,2010-03-28,4:00 pm,2010
Match 25,Deccan Chargers,Mumbai Indians,2010-03-28,8:00 pm,2010
Match 26,Delhi Daredevils,Kolkata Knight Riders,2010-03-29,8:00 pm,2010
Match 27,Mumbai Indians,Punjab Kings,2010-03-30,8:00 pm,2010
Match 28,Chennai Super Kings,Royal Challengers Bangalore,2010-03-31,4:00 pm,2010
Match 29,Delhi Daredevils,Rajasthan Royals,2010-03-31,8:00 pm,2010
Match 30,Kolkata Knight Riders,Deccan Chargers,2010-04-01,8:00 pm,2010
Match 31,Punjab Kings,Royal Challengers Bangalore,2010-04-02,8:00 pm,2010
Match 32,Chennai Super Kings,Rajasthan Royals,2010-04-03,4:00 pm,2010
Match 33,Mumbai Indians,Deccan Chargers,2010-04-03,8:00 pm,2010
Match 34,Kolkata Knight Riders,Punjab Kings,2010-04-04,4:00 pm,2010
Match 35,Delhi Daredevils,Royal Challengers Bangalore,2010-04-04,8:00 pm,2010
Match 36,Deccan Chargers,Rajasthan Royals,2010-04-05,8:00 pm,2010
Match 37,Chennai Super Kings,Mumbai Indians,2010-04-06,8:00 pm,2010
Match 38,Rajasthan Royals,Punjab Kings,2010-04-07,4:00 pm,2010
Match 39,Kolkata Knight Riders,Delhi Daredevils,2010-04-07,8:00 pm,2010
Match 40,Royal Challengers Bangalore,Deccan Chargers,2010-04-08,8:00 pm,2010
Match 41,Punjab Kings,Mumbai Indians,2010-04-09,8:00 pm,2010
Match 42,Deccan Chargers,Chennai Super Kings,2010-04-10,4:00 pm,2010
Match 43,Royal Challengers Bangalore,Kolkata Knight Riders,2010-04-10,8:00 pm,2010
Match 44,Delhi Daredevils,Punjab Kings,2010-04-11,4:00 pm,2010
Match 45,Rajasthan Royals,Mumbai Indians,2010-04-11,8:00 pm,2010
Match 46,Deccan Chargers,Royal Challengers Bangalore,2010-04-12,8:00 pm,2010
Match 47,Mumbai Indians,Delhi Daredevils,2010-04-13,4:00 pm,2010
Match 48,Chennai Super Kings,Kolkata Knight Riders,2010-04-13,8:00 pm,2010
Match 49,Rajasthan Royals,Royal Challengers Bangalore,2010-04-14,8:00 pm,2010
Match 50,Chennai Super Kings,Delhi Daredevils,2010-04-15,8:00 pm,2010
Match 51,Punjab Kings,Deccan Chargers,2010-04-16,8:00 pm,2010
Match 52,Royal Challengers Bangalore,Mumbai Indians,2010-04-17,4:00 pm,2010
Match 53,Kolkata Knight Riders,Rajasthan Royals,2010-04-17,8:00 pm,2010
Match 54,Punjab Kings,Chennai Super Kings,2010-04-18,4:00 pm,2010
Match 55,Delhi Daredevils,Deccan Chargers,2010-04-18,8:00 pm,2010
Match 56,Kolkata Knight Riders,Mumbai Indians,2010-04-19,8:00 pm,2010
Match 57,Royal Challengers Bangalore,Mumbai Indians,2010-04-21,8:00 pm,2010
Match 58,Chennai Super Kings,Deccan Chargers,2010-04-22,8:00 pm,2010
Match 59,Royal Challengers Bangalore,Deccan Chargers,2010-04-24,8:00 pm,2010
Match 60,Chennai Super Kings,Mumbai Indians,2010-04-25,8:00 pm,2010
Match 1,Chennai Super Kings,Kolkata Knight Riders,2011-04-08,8:00 pm,2011
Match 2,Deccan Chargers,Rajasthan Royals,2011-04-09,4:00 pm,2011
Match 3,Kochi Tuskers Kerala,Royal Challengers Bangalore,2011-04-09,8:00 pm,2011
Match 4,Delhi Daredevils,Mumbai Indians,2011-04-10,4:00 pm,2011
Match 5,Pune Warriors India,Punjab Kings,2011-04-10,8:00 pm,2011
Match 6,Kolkata Knight Riders,Deccan Chargers,2011-04-11,8:00 pm,2011
Match 7,Rajasthan Royals,Delhi Daredevils,2011-04-12,4:00 pm,2011
Match 8,Royal Challengers Bangalore,Mumbai Indians,2011-04-12,8:00 pm,2011
Match 9,Punjab Kings,Chennai Super Kings,2011-04-13,4:00 pm,2011
Match 10,Pune Warriors India,Kochi Tuskers Kerala,2011-04-13,8:00 pm,2011
Match 11,Deccan Chargers,Royal Challengers Bangalore,2011-04-14,8:00 pm,2011
Match 12,Rajasthan Royals,Kolkata Knight Riders,2011-04-15,4:00 pm,2011
Match 13,Mumbai Indians,Kochi Tuskers Kerala,2011-04-15,8:00 pm,2011
Match 14,Chennai Super Kings,Royal Challengers Bangalore,2011-04-16,4:00 pm,2011
Match 15,Deccan Chargers,Punjab Kings,2011-04-16,8:00 pm,2011
Match 16,Pune Warriors India,Delhi Daredevils,2011-04-17,4:00 pm,2011
Match 17,Kolkata Knight Riders,Rajasthan Royals,2011-04-17,8:00 pm,2011
Match 18,Kochi Tuskers Kerala,Chennai Super Kings,2011-04-18,8:00 pm,2011
Match 19,Delhi Daredevils,Deccan Chargers,2011-04-19,4:00 pm,2011
Match 20,Royal Challengers Bangalore,Rajasthan Royals,2011-04-19,8:00 pm,2011
Match 21,Mumbai Indians,Pune Warriors India,2011-04-20,4:00 pm,2011
Match 22,Kolkata Knight Riders,Kochi Tuskers Kerala,2011-04-20,8:00 pm,2011
Match 23,Punjab Kings,Rajasthan Royals,2011-04-21,8:00 pm,2011
Match 24,Kolkata Knight Riders,Royal Challengers Bangalore,2011-04-22,4:00 pm,2011
Match 25,Mumbai Indians,Chennai Super Kings,2011-04-22,8:00 pm,2011
Match 26,Delhi Daredevils,Punjab Kings,2011-04-23,8:00 pm,2011
Match 27,Deccan Chargers,Mumbai Indians,2011-04-24,4:00 pm,2011
Match 28,Rajasthan Royals,Kochi Tuskers Kerala,2011-04-24,8:00 pm,2011
Match 29,Chennai Super Kings,Pune Warriors India,2011-04-25,8:00 pm,2011
Match 30,Delhi Daredevils,Royal Challengers Bangalore,2011-04-26,8:00 pm,2011
Match 31,Pune Warriors India,Chennai Super Kings,2011-04-27,4:00 pm,2011
Match 32,Kochi Tuskers Kerala,Deccan Chargers,2011-04-27,8:00 pm,2011
Match 33,Delhi Daredevils,Kolkata Knight Riders,2011-04-28,8:00 pm,2011
Match 34,Rajasthan Royals,Mumbai Indians,2011-04-29,4:00 pm,2011
Match 35,Royal Challengers Bangalore,Pune Warriors India,2011-04-29,8:00 pm,2011
Match 36,Kochi Tuskers Kerala,Delhi Daredevils,2011-04-30,4:00 pm,2011
Match 37,Kolkata Knight Riders,Punjab Kings,2011-04-30,8:00 pm,2011
Match 38,Rajasthan Royals,Pune Warriors India,2011-05-01,4:00 pm,2011
Match 39,Chennai Super Kings,Deccan Chargers,2011-05-01,8:00 pm,2011
Match 40,Mumbai Indians,Punjab Kings,2011-05-02,4:00 pm,2011
Match 41,Delhi Daredevils,Kochi Tuskers Kerala,2011-05-02,8:00 pm,2011
Match 42,Deccan Chargers,Kolkata Knight Riders,2011-05-03,8:00 pm,2011
Match 43,Chennai Super Kings,Rajasthan Royals,2011-05-04,4:00 pm,2011
Match 44,Pune Warriors India,Mumbai Indians,2011-05-04,8:00 pm,2011
Match 45,Kochi Tuskers Kerala,Kolkata Knight Riders,2011-05-05,4:00 pm,2011
Match 46,Deccan Chargers,Delhi Daredevils,2011-05-05,8:00 pm,2011
Match 47,Royal Challengers Bangalore,Punjab Kings,2011-05-06,8:00 pm,2011
Match 48,Kolkata Knight Riders,Chennai Super Kings,2011-05-07,4:00 pm,2011
Match 49,Mumbai Indians,Delhi Daredevils,2011-05-07,8:00 pm,2011
Match 50,Royal Challengers Bangalore,Kochi Tuskers Kerala,2011-05-08,4:00 pm,2011
Match 51,Punjab Kings,Pune Warriors India,2011-05-08,8:00 pm,2011
Match 52,Rajasthan Royals,Chennai Super Kings,2011-05-09,8:00 pm,2011
Match 53,Deccan Chargers,Pune Warriors India,2011-05-10,4:00 pm,2011
Match 54,Punjab Kings,Mumbai Indians,2011-05-10,8:00 pm,2011
Match 55,Rajasthan Royals,Royal Challengers Bangalore,2011-05-11,8:00 pm,2011
Match 56,Chennai Super Kings,Delhi Daredevils,2011-05-12,8:00 pm,2011
Match 57,Kochi Tuskers Kerala,Punjab Kings,2011-05-13,8:00 pm,2011
Match 58,Royal Challengers Bangalore,Kolkata Knight Riders,2011-05-14,4:00 pm,2011
Match 59,Mumbai Indians,Deccan Chargers,2011-05-14,8:00 pm,2011
Match 60,Punjab Kings,Delhi Daredevils,2011-05-15,4:00 pm,2011
Match 61,Kochi Tuskers Kerala,Rajasthan Royals,2011-05-15,8:00 pm,2011
Match 62,Pune Warriors India,Deccan Chargers,2011-05-16,8:00 pm,2011
Match 63,Punjab Kings,Royal Challengers Bangalore,2011-05-17,8:00 pm,2011
Match 64,Chennai Super Kings,Kochi Tuskers Kerala,2011-05-18,8:00 pm,2011
Match 65,Pune Warriors India,Kolkata Knight Riders,2011-05-19,8:00 pm,2011
Match 66,Mumbai Indians,Rajasthan Royals,2011-05-20,8:00 pm,2011
Match 67,Punjab Kings,Deccan Chargers,2011-05-21,4:00 pm,2011
Match 68,Delhi Daredevils,Pune Warriors India,2011-05-21,8:00 pm,2011
Match 69,Royal Challengers Bangalore,Chennai Super Kings,2011-05-22,4:00 pm,2011
Match 70,Kolkata Knight Riders,Mumbai Indians,2011-05-22,8:00 pm,2011
Match 71,Royal Challengers Bangalore,Chennai Super Kings,2011-05-24,8:00 pm,2011
Match 72,Kolkata Knight Riders,Mumbai Indians,2011-05-25,8:00 pm,2011
Match 73,Royal Challengers Bangalore,Mumbai Indians,2011-05-27,8:00 pm,2011
Match 74,Chennai Super Kings,Royal Challengers Bangalore,2011-05-28,8:00 pm,2011
Match 1,Chennai Super Kings,Mumbai Indians,2012-04-04,8:00 pm,2012
Match 2,Kolkata Knight Riders,Delhi Daredevils,2012-04-05,8:00 pm,2012
Match 3,Mumbai Indians,Pune Warriors India,2012-04-06,4:00 pm,2012
Match 4,Rajasthan Royals,Punjab Kings,2012-04-06,8:00 pm,2012
Match 5,Royal Challengers Bangalore,Delhi Daredevils,2012-04-07,4:00 pm,2012
Match 6,Deccan Chargers,Chennai Super Kings,2012-04-07,8:00 pm,2012
Match 7,Rajasthan Royals,Kolkata Knight Riders,2012-04-08,4:00 pm,2012
Match 8,Pune Warriors India,Punjab Kings,2012-04-08,8:00 pm,2012
Match 9,Deccan Chargers,Mumbai Indians,2012-04-09,8:00 pm,2012
Match 10,Royal Challengers Bangalore,Kolkata Knight Riders,2012-04-10,4:00 pm,2012
Match 11,Delhi Daredevils,Chennai Super Kings,2012-04-10,8:00 pm,2012
Match 12,Mumbai Indians,Rajasthan Royals,2012-04-11,8:00 pm,2012
Match 13,Chennai Super Kings,Royal Challengers Bangalore,2012-04-12,4:00 pm,2012
Match 14,Punjab Kings,Pune Warriors India,2012-04-12,8:00 pm,2012
Match 15,Kolkata Knight Riders,Rajasthan Royals,2012-04-13,8:00 pm,2012
Match 16,Pune Warriors India,Chennai Super Kings,2012-04-14,8:00 pm,2012
Match 17,Kolkata Knight Riders,Punjab Kings,2012-04-15,4:00 pm,2012
Match 18,Royal Challengers Bangalore,Rajasthan Royals,2012-04-15,8:00 pm,2012
Match 19,Mumbai Indians,Delhi Daredevils,2012-04-16,8:00 pm,2012
Match 20,Rajasthan Royals,Deccan Chargers,2012-04-17,4:00 pm,2012
Match 21,Royal Challengers Bangalore,Pune Warriors India,2012-04-17,8:00 pm,2012
Match 22,Punjab Kings,Kolkata Knight Riders,2012-04-18,8:00 pm,2012
Match 23,Delhi Daredevils,Deccan Chargers,2012-04-19,4:00 pm,2012
Match 24,Punjab Kings,Royal Challengers Bangalore,2012-04-20,8:00 pm,2012
Match 25,Chennai Super Kings,Rajasthan Royals,2012-04-21,4:00 pm,2012
Match 26,Delhi Daredevils,Pune Warriors India,2012-04-21,8:00 pm,2012
Match 27,Mumbai Indians,Punjab Kings,2012-04-22,4:00 pm,2012
Match 28,Deccan Chargers,Kolkata Knight Riders,2012-04-22,8:00 pm,2012
Match 29,Rajasthan Royals,Royal Challengers Bangalore,2012-04-23,8:00 pm,2012
Match 30,Pune Warriors India,Delhi Daredevils,2012-04-24,4:00 pm,2012
Match 31,Kolkata Knight Riders,Deccan Chargers,2012-04-24,8:00 pm,2012
Match 32,Punjab Kings,Mumbai Indians,2012-04-25,4:00 pm,2012
Match 33,Royal Challengers Bangalore,Chennai Super Kings,2012-04-25,8:00 pm,2012
Match 34,Pune Warriors India,Deccan Chargers,2012-04-26,8:00 pm,2012
Match 35,Delhi Daredevils,Mumbai Indians,2012-04-27,8:00 pm,2012
Match 36,Chennai Super Kings,Punjab Kings,2012-04-28,4:00 pm,2012
Match 37,Kolkata Knight Riders,Royal Challengers Bangalore,2012-04-28,8:00 pm,2012
Match 38,Delhi Daredevils,Rajasthan Royals,2012-04-29,4:00 pm,2012
Match 39,Mumbai Indians,Deccan Chargers,2012-04-29,8:00 pm,2012
Match 40,Chennai Super Kings,Kolkata Knight Riders,2012-04-30,8:00 pm,2012
Match 41,Deccan Chargers,Pune Warriors India,2012-05-01,4:00 pm,2012
Match 42,Rajasthan Royals,Delhi Daredevils,2012-05-01,8:00 pm,2012
Match 43,Royal Challengers Bangalore,Punjab Kings,2012-05-02,8:00 pm,2012
Match 44,Pune Warriors India,Mumbai Indians,2012-05-03,8:00 pm,2012
Match 45,Chennai Super Kings,Deccan Chargers,2012-05-04,8:00 pm,2012
Match 46,Kolkata Knight Riders,Pune Warriors India,2012-05-05,4:00 pm,2012
Match 47,Punjab Kings,Rajasthan Royals,2012-05-05,8:00 pm,2012
Match 48,Mumbai Indians,Chennai Super Kings,2012-05-06,4:00 pm,2012
Match 49,Royal Challengers Bangalore,Deccan Chargers,2012-05-06,8:00 pm,2012
Match 50,Delhi Daredevils,Kolkata Knight Riders,2012-05-07,8:00 pm,2012
Match 51,Pune Warriors India,Rajasthan Royals,2012-05-08,4:00 pm,2012
Match 52,Deccan Chargers,Punjab Kings,2012-05-08,8:00 pm,2012
Match 53,Mumbai Indians,Royal Challengers Bangalore,2012-05-09,8:00 pm,2012
Match 54,Deccan Chargers,Delhi Daredevils,2012-05-10,4:00 pm,2012
Match 55,Rajasthan Royals,Chennai Super Kings,2012-05-10,8:00 pm,2012
Match 56,Pune Warriors India,Royal Challengers Bangalore,2012-05-11,8:00 pm,2012
Match 57,Kolkata Knight Riders,Mumbai Indians,2012-05-12,4:00 pm,2012
Match 58,Chennai Super Kings,Delhi Daredevils,2012-05-12,8:00 pm,2012
Match 59,Rajasthan Royals,Pune Warriors India,2012-05-13,4:00 pm,2012
Match 60,Punjab Kings,Deccan Chargers,2012-05-13,8:00 pm,2012
Match 61,Royal Challengers Bangalore,Mumbai Indians,2012-05-14,4:00 pm,2012
Match 62,Kolkata Knight Riders,Chennai Super Kings,2012-05-14,8:00 pm,2012
Match 63,Delhi Daredevils,Punjab Kings,2012-05-15,8:00 pm,2012
Match 64,Mumbai Indians,Kolkata Knight Riders,2012-05-16,8:00 pm,2012
Match 65,Punjab Kings,Chennai Super Kings,2012-05-17,4:00 pm,2012
Match 66,Delhi Daredevils,Royal Challengers Bangalore,2012-05-17,8:00 pm,2012
Match 67,Deccan Chargers,Rajasthan Royals,2012-05-18,8:00 pm,2012
Match 68,Punjab Kings,Delhi Daredevils,2012-05-19,4:00 pm,2012
Match 69,Pune Warriors India,Kolkata Knight Riders,2012-05-19,8:00 pm,2012
Match 70,Deccan Chargers,Royal Challengers Bangalore,2012-05-20,4:00 pm,2012
Match 71,Rajasthan Royals,Mumbai Indians,2012-05-20,8:00 pm,2012
Match 72,Delhi Daredevils,Kolkata Knight Riders,2012-05-22,8:00 pm,2012
Match 73,Mumbai Indians,Chennai Super Kings,2012-05-23,8:00 pm,2012
Match 74,Chennai Super Kings,Delhi Daredevils,2012-05-25,8:00 pm,2012
Match 75,Kolkata Knight Riders,Chennai Super Kings,2012-05-27,8:00 pm,2012
Match 1,Kolkata Knight Riders,Delhi Daredevils,2013-04-03,8:00 pm,2013
Match 2,Royal Challengers Bangalore,Mumbai Indians,2013-04-04,8:00 pm,2013
Match 3,Sunrisers Hyderabad,Pune Warriors India,2013-04-05,8:00 pm,2013
Match 4,Delhi Daredevils,Rajasthan Royals,2013-04-06,4:00 pm,2013
Match 5,Chennai Super Kings,Mumbai Indians,2013-04-06,8:00 pm,2013
Match 6,Pune Warriors India,Punjab Kings,2013-04-07,4:00 pm,2013
Match 7,Sunrisers Hyderabad,Royal Challengers Bangalore,2013-04-07,8:00 pm,2013
Match 8,Rajasthan Royals,Kolkata Knight Riders,2013-04-08,8:00 pm,2013
Match 9,Royal Challengers Bangalore,Sunrisers Hyderabad,2013-04-09,4:00 pm,2013
Match 10,Mumbai Indians,Delhi Daredevils,2013-04-09,8:00 pm,2013
Match 11,Punjab Kings,Chennai Super Kings,2013-04-10,8:00 pm,2013
Match 12,Royal Challengers Bangalore,Kolkata Knight Riders,2013-04-11,4:00 pm,2013
Match 13,Pune Warriors India,Rajasthan Royals,2013-04-11,8:00 pm,2013
Match 14,Delhi Daredevils,Sunrisers Hyderabad,2013-04-12,8:00 pm,2013
Match 15,Mumbai Indians,Pune Warriors India,2013-04-13,4:00 pm,2013
Match 16,Chennai Super Kings,Royal Challengers Bangalore,2013-04-13,8:00 pm,2013
Match 17,Kolkata Knight Riders,Sunrisers Hyderabad,2013-04-14,4:00 pm,2013
Match 18,Rajasthan Royals,Punjab Kings,2013-04-14,8:00 pm,2013
Match 19,Chennai Super Kings,Pune Warriors India,2013-04-15,8:00 pm,2013
Match 20,Punjab Kings,Kolkata Knight Riders,2013-04-16,4:00 pm,2013
Match 21,Royal Challengers Bangalore,Delhi Daredevils,2013-04-16,8:00 pm,2013
Match 22,Pune Warriors India,Sunrisers Hyderabad,2013-04-17,4:00 pm,2013
Match 23,Rajasthan Royals,Mumbai Indians,2013-04-17,8:00 pm,2013
Match 24,Delhi Daredevils,Chennai Super Kings,2013-04-18,8:00 pm,2013
Match 25,Sunrisers Hyderabad,Punjab Kings,2013-04-19,8:00 pm,2013
Match 26,Kolkata Knight Riders,Chennai Super Kings,2013-04-20,4:00 pm,2013
Match 27,Royal Challengers Bangalore,Rajasthan Royals,2013-04-20,8:00 pm,2013
Match 28,Delhi Daredevils,Mumbai Indians,2013-04-21,4:00 pm,2013
Match 29,Punjab Kings,Pune Warriors India,2013-04-21,8:00 pm,2013
Match 30,Chennai Super Kings,Rajasthan Royals,2013-04-22,8:00 pm,2013
Match 31,Royal Challengers Bangalore,Pune Warriors India,2013-04-23,4:00 pm,2013
Match 32,Delhi Daredevils,Punjab Kings,2013-04-23,8:00 pm,2013
Match 33,Kolkata Knight Riders,Mumbai Indians,2013-04-24,8:00 pm,2013
Match 34,Chennai Super Kings,Sunrisers Hyderabad,2013-04-25,8:00 pm,2013
Match 35,Kolkata Knight Riders,Punjab Kings,2013-04-26,8:00 pm,2013
Match 36,Rajasthan Royals,Sunrisers Hyderabad,2013-04-27,4:00 pm,2013
Match 37,Mumbai Indians,Royal Challengers Bangalore,2013-04-27,8:00 pm,2013
Match 38,Chennai Super Kings,Kolkata Knight Riders,2013-04-28,4:00 pm,2013
Match 39,Delhi Daredevils,Pune Warriors India,2013-04-28,8:00 pm,2013
Match 40,Rajasthan Royals,Royal Challengers Bangalore,2013-04-29,4:00 pm,2013
Match 41,Mumbai Indians,Punjab Kings,2013-04-29,8:00 pm,2013
Match 42,Pune Warriors India,Chennai Super Kings,2013-04-30,8:00 pm,2013
Match 43,Sunrisers Hyderabad,Mumbai Indians,2013-05-01,4:00 pm,2013
Match 44,Delhi Daredevils,Kolkata Knight Riders,2013-05-01,8:00 pm,2013
Match 45,Chennai Super Kings,Punjab Kings,2013-05-02,4:00 pm,2013
Match 46,Pune Warriors India,Royal Challengers Bangalore,2013-05-02,8:00 pm,2013
Match 47,Kolkata Knight Riders,Rajasthan Royals,2013-05-03,8:00 pm,2013
Match 48,Sunrisers Hyderabad,Delhi Daredevils,2013-05-04,8:00 pm,2013
Match 49,Mumbai Indians,Chennai Super Kings,2013-05-05,4:00 pm,2013
Match 50,Rajasthan Royals,Pune Warriors India,2013-05-05,8:00 pm,2013
Match 51,Punjab Kings,Royal Challengers Bangalore,2013-05-06,8:00 pm,2013
Match 52,Rajasthan Royals,Delhi Daredevils,2013-05-07,4:00 pm,2013
Match 53,Mumbai Indians,Kolkata Knight Riders,2013-05-07,8:00 pm,2013
Match 54,Sunrisers Hyderabad,Chennai Super Kings,2013-05-08,8:00 pm,2013
Match 55,Punjab Kings,Rajasthan Royals,2013-05-09,4:00 pm,2013
Match 56,Pune Warriors India,Kolkata Knight Riders,2013-05-09,8:00 pm,2013
Match 57,Delhi Daredevils,Royal Challengers Bangalore,2013-05-10,8:00 pm,2013
Match 58,Pune Warriors India,Mumbai Indians,2013-05-11,4:00 pm,2013
Match 59,Punjab Kings,Sunrisers Hyderabad,2013-05-11,8:00 pm,2013
Match 60,Kolkata Knight Riders,Royal Challengers Bangalore,2013-05-12,4:00 pm,2013
Match 61,Rajasthan Royals,Chennai Super Kings,2013-05-12,8:00 pm,2013
Match 62,Mumbai Indians,Sunrisers Hyderabad,2013-05-13,8:00 pm,2013
Match 63,Royal Challengers Bangalore,Punjab Kings,2013-05-14,4:00 pm,2013
Match 64,Chennai Super Kings,Delhi Daredevils,2013-05-14,8:00 pm,2013
Match 65,Kolkata Knight Riders,Pune Warriors India,2013-05-15,4:00 pm,2013
Match 66,Mumbai Indians,Rajasthan Royals,2013-05-15,8:00 pm,2013
Match 67,Punjab Kings,Delhi Daredevils,2013-05-16,8:00 pm,2013
Match 68,Sunrisers Hyderabad,Rajasthan Royals,2013-05-17,8:00 pm,2013
Match 69,Punjab Kings,Mumbai Indians,2013-05-18,4:00 pm,2013
Match 70,Royal Challengers Bangalore,Chennai Super Kings,2013-05-18,8:00 pm,2013
Match 71,Pune Warriors India,Delhi Daredevils,2013-05-19,4:00 pm,2013
Match 72,Sunrisers Hyderabad,Kolkata Knight Riders,2013-05-19,8:00 pm,2013
Match 73,Chennai Super Kings,Mumbai Indians,2013-05-21,8:00 pm,2013
Match 74,Rajasthan Royals,Sunrisers Hyderabad,2013-05-22,8:00 pm,2013
Match 75,Rajasthan Royals,Mumbai Indians,2013-05-24,8:00 pm,2013
Match 76,Chennai Super Kings,Mumbai Indians,2013-05-26,8:00 pm,2013
Match 1,Mumbai Indians,Kolkata Knight Riders,2014-04-16,6:30 pm,2014
Match 2,Delhi Daredevils,Royal Challengers Bangalore,2014-04-17,6:30 pm,2014
Match 3,Chennai Super Kings,Punjab Kings,2014-04-18,2:30 pm,2014
Match 4,Sunrisers Hyderabad,Rajasthan Royals,2014-04-18,6:30 pm,2014
Match 5,Royal Challengers Bangalore,Mumbai Indians,2014-04-19,2:30 pm,2014
Match 6,Kolkata Knight Riders,Delhi Daredevils,2014-04-19,6:30 pm,2014
Match 7,Rajasthan Royals,Punjab Kings,2014-04-20,6:30 pm,2014
Match 8,Chennai Super Kings,Delhi Daredevils,2014-04-21,6:30 pm,2014
Match 9,Punjab Kings,Sunrisers Hyderabad,2014-04-22,6:30 pm,2014
Match 10,Rajasthan Royals,Chennai Super Kings,2014-04-23,6:30 pm,2014
Match 11,Royal Challengers Bangalore,Kolkata Knight Riders,2014-04-24,6:30 pm,2014
Match 12,Sunrisers Hyderabad,Delhi Daredevils,2014-04-25,2:30 pm,2014
Match 13,Chennai Super Kings,Mumbai Indians,2014-04-25,6:30 pm,2014
Match 14,Rajasthan Royals,Royal Challengers Bangalore,2014-04-26,2:30 pm,2014
Match 15,Kolkata Knight Riders,Punjab Kings,2014-04-26,6:30 pm,2014
Match 16,Delhi Daredevils,Mumbai Indians,2014-04-27,2:30 pm,2014
Match 17,Sunrisers Hyderabad,Chennai Super Kings,2014-04-27,6:30 pm,2014
Match 18,Punjab Kings,Royal Challengers Bangalore,2014-04-28,6:30 pm,2014
Match 19,Kolkata Knight Riders,Rajasthan Royals,2014-04-29,6:30 pm,2014
Match 20,Mumbai Indians,Sunrisers Hyderabad,2014-04-30,6:30 pm,2014
Match 21,Chennai Super Kings,Kolkata Knight Riders,2014-05-02,8:00 pm,2014
Match 22,Mumbai Indians,Punjab Kings,2014-05-03,4:00 pm,2014
Match 23,Delhi Daredevils,Rajasthan Royals,2014-05-03,8:00 pm,2014
Match 24,Royal Challengers Bangalore,Sunrisers Hyderabad,2014-05-04,8:00 pm,2014
Match 25,Rajasthan Royals,Kolkata Knight Riders,2014-05-05,4:00 pm,2014
Match 26,Delhi Daredevils,Chennai Super Kings,2014-05-05,8:00 pm,2014
Match 27,Mumbai Indians,Royal Challengers Bangalore,2014-05-06,8:00 pm,2014
Match 28,Delhi Daredevils,Kolkata Knight Riders,2014-05-07,4:00 pm,2014
Match 29,Punjab Kings,Chennai Super Kings,2014-05-07,8:00 pm,2014
Match 30,Rajasthan Royals,Sunrisers Hyderabad,2014-05-08,8:00 pm,2014
Match 31,Royal Challengers Bangalore,Punjab Kings,2014-05-09,8:00 pm,2014
Match 32,Delhi Daredevils,Sunrisers Hyderabad,2014-05-10,4:00 pm,2014
Match 33,Mumbai Indians,Chennai Super Kings,2014-05-10,8:00 pm,2014
Match 34,Punjab Kings,Kolkata Knight Riders,2014-05-11,4:00 pm,2014
Match 35,Royal Challengers Bangalore,Rajasthan Royals,2014-05-11,8:00 pm,2014
Match 36,Sunrisers Hyderabad,Mumbai Indians,2014-05-12,8:00 pm,2014
Match 37,Chennai Super Kings,Rajasthan Royals,2014-05-13,4:00 pm,2014
Match 38,Royal Challengers Bangalore,Delhi Daredevils,2014-05-13,8:00 pm,2014
Match 39,Sunrisers Hyderabad,Punjab Kings,2014-05-14,4:00 pm,2014
Match 40,Kolkata Knight Riders,Mumbai Indians,2014-05-14,8:00 pm,2014
Match 41,Rajasthan Royals,Delhi Daredevils,2014-05-15,8:00 pm,2014
Match 42,Chennai Super Kings,Royal Challengers Bangalore,2014-05-18,4:00 pm,2014
Match 43,Sunrisers Hyderabad,Kolkata Knight Riders,2014-05-18,8:00 pm,2014
Match 44,Rajasthan Royals,Mumbai Indians,2014-05-19,4:00 pm,2014
Match 45,Delhi Daredevils,Punjab Kings,2014-05-19,8:00 pm,2014
Match 46,Sunrisers Hyderabad,Royal Challengers Bangalore,2014-05-20,4:00 pm,2014
Match 47,Kolkata Knight Riders,Chennai Super Kings,2014-05-20,8:00 pm,2014
Match 48,Punjab Kings,Mumbai Indians,2014-05-21,8:00 pm,2014
Match 49,Kolkata Knight Riders,Royal Challengers Bangalore,2014-05-22,4:00 pm,2014
Match 50,Chennai Super Kings,Sunrisers Hyderabad,2014-05-22,8:00 pm,2014
Match 51,Mumbai Indians,Delhi Daredevils,2014-05-23,4:00 pm,2014
Match 52,Punjab Kings,Rajasthan Royals,2014-05-23,8:00 pm,2014
Match 53,Royal Challengers Bangalore,Chennai Super Kings,2014-05-24,4:00 pm,2014
Match 54,Kolkata Knight Riders,Sunrisers Hyderabad,2014-05-24,8:00 pm,2014
Match 55,Punjab Kings,Delhi Daredevils,2014-05-25,4:00 pm,2014
Match 56,Mumbai Indians,Rajasthan Royals,2014-05-25,8:00 pm,2014
Match 57,Punjab Kings,Kolkata Knight Riders,2014-05-28,4:00 pm,2014
Match 58,Chennai Super Kings,Mumbai Indians,2014-05-28,8:00 pm,2014
Match 59,Punjab Kings,Chennai Super Kings,2014-05-30,8:00 pm,2014
Match 60,Punjab Kings,Kolkata Knight Riders,2014-06-01,8:00 pm,2014
Match 1,Kolkata Knight Riders,Mumbai Indians,2015-04-08,8:00 pm,2015
Match 2,Chennai Super Kings,Delhi Daredevils,2015-04-09,8:00 pm,2015
Match 3,Punjab Kings,Rajasthan Royals,2015-04-10,8:00 pm,2015
Match 4,Chennai Super Kings,Sunrisers Hyderabad,2015-04-11,4:00 pm,2015
Match 5,Kolkata Knight Riders,Royal Challengers Bangalore,2015-04-11,8:00 pm,2015
Match 6,Delhi Daredevils,Rajasthan Royals,2015-04-12,4:00 pm,2015
Match 7,Mumbai Indians,Punjab Kings,2015-04-12,8:00 pm,2015
Match 8,Royal Challengers Bangalore,Sunrisers Hyderabad,2015-04-13,8:00 pm,2015
Match 9,Rajasthan Royals,Mumbai Indians,2015-04-14,8:00 pm,2015
Match 10,Punjab Kings,Delhi Daredevils,2015-04-15,8:00 pm,2015
Match 11,Sunrisers Hyderabad,Rajasthan Royals,2015-04-16,8:00 pm,2015
Match 12,Mumbai Indians,Chennai Super Kings,2015-04-17,8:00 pm,2015
Match 13,Sunrisers Hyderabad,Delhi Daredevils,2015-04-18,4:00 pm,2015
Match 14,Punjab Kings,Kolkata Knight Riders,2015-04-18,8:00 pm,2015
Match 15,Rajasthan Royals,Chennai Super Kings,2015-04-19,4:00 pm,2015
Match 16,Royal Challengers Bangalore,Mumbai Indians,2015-04-19,8:00 pm,2015
Match 17,Delhi Daredevils,Kolkata Knight Riders,2015-04-20,8:00 pm,2015
Match 18,Rajasthan Royals,Punjab Kings,2015-04-21,8:00 pm,2015
Match 19,Sunrisers Hyderabad,Kolkata Knight Riders,2015-04-22,4:00 pm,2015
Match 20,Royal Challengers Bangalore,Chennai Super Kings,2015-04-22,8:00 pm,2015
Match 21,Delhi Daredevils,Mumbai Indians,2015-04-23,8:00 pm,2015
Match 22,Rajasthan Royals,Royal Challengers Bangalore,2015-04-24,8:00 pm,2015
Match 23,Mumbai Indians,Sunrisers Hyderabad,2015-04-25,4:00 pm,2015
Match 24,Chennai Super Kings,Punjab Kings,2015-04-25,8:00 pm,2015
Match 25,Kolkata Knight Riders,Rajasthan Royals,2015-04-26,4:00 pm,2015
Match 26,Delhi Daredevils,Royal Challengers Bangalore,2015-04-26,8:00 pm,2015
Match 27,Punjab Kings,Sunrisers Hyderabad,2015-04-27,8:00 pm,2015
Match 28,Chennai Super Kings,Kolkata Knight Riders,2015-04-28,8:00 pm,2015
Match 29,Royal Challengers Bangalore,Rajasthan Royals,2015-04-29,8:00 pm,2015
Match 30,Kolkata Knight Riders,Chennai Super Kings,2015-04-30,8:00 pm,2015
Match 31,Delhi Daredevils,Punjab Kings,2015-05-01,4:00 pm,2015
Match 32,Mumbai Indians,Rajasthan Royals,2015-05-01,8:00 pm,2015
Match 33,Royal Challengers Bangalore,Kolkata Knight Riders,2015-05-02,4:00 pm,2015
Match 34,Sunrisers Hyderabad,Chennai Super Kings,2015-05-02,8:00 pm,2015
Match 35,Punjab Kings,Mumbai Indians,2015-05-03,4:00 pm,2015
Match 36,Rajasthan Royals,Delhi Daredevils,2015-05-03,8:00 pm,2015
Match 37,Chennai Super Kings,Royal Challengers Bangalore,2015-05-04,4:00 pm,2015
Match 38,Kolkata Knight Riders,Sunrisers Hyderabad,2015-05-04,8:00 pm,2015
Match 39,Mumbai Indians,Delhi Daredevils,2015-05-05,8:00 pm,2015
Match 40,Royal Challengers Bangalore,Punjab Kings,2015-05-06,8:00 pm,2015
Match 41,Rajasthan Royals,Sunrisers Hyderabad,2015-05-07,4:00 pm,2015
Match 42,Kolkata Knight Riders,Delhi Daredevils,2015-05-07,8:00 pm,2015
Match 43,Chennai Super Kings,Mumbai Indians,2015-05-08,8:00 pm,2015
Match 44,Kolkata Knight Riders,Punjab Kings,2015-05-09,4:00 pm,2015
Match 45,Delhi Daredevils,Sunrisers Hyderabad,2015-05-09,8:00 pm,2015
Match 46,Mumbai Indians,Royal Challengers Bangalore,2015-05-10,4:00 pm,2015
Match 47,Chennai Super Kings,Rajasthan Royals,2015-05-10,8:00 pm,2015
Match 48,Sunrisers Hyderabad,Punjab Kings,2015-05-11,8:00 pm,2015
Match 49,Delhi Daredevils,Chennai Super Kings,2015-05-12,8:00 pm,2015
Match 50,Punjab Kings,Royal Challengers Bangalore,2015-05-13,8:00 pm,2015
Match 51,Mumbai Indians,Kolkata Knight Riders,2015-05-14,8:00 pm,2015
Match 52,Sunrisers Hyderabad,Royal Challengers Bangalore,2015-05-15,8:00 pm,2015
Match 53,Punjab Kings,Chennai Super Kings,2015-05-16,4:00 pm,2015
Match 54,Rajasthan Royals,Kolkata Knight Riders,2015-05-16,8:00 pm,2015
Match 55,Royal Challengers Bangalore,Delhi Daredevils,2015-05-17,4:00 pm,2015
Match 56,Sunrisers Hyderabad,Mumbai Indians,2015-05-17,8:00 pm,2015
Match 57,Chennai Super Kings,Mumbai Indians,2015-05-19,8:00 pm,2015
Match 58,Royal Challengers Bangalore,Rajasthan Royals,2015-05-20,8:00 pm,2015
Match 59,Chennai Super Kings,Royal Challengers Bangalore,2015-05-22,8:00 pm,2015
Match 60,Mumbai Indians,Chennai Super Kings,2015-05-24,8:00 pm,2015
Match 1,Mumbai Indians,Rising Pune Supergiant,2016-04-09,8:00 pm,2016
Match 2,Kolkata Knight Riders,Delhi Daredevils,2016-04-10,8:00 pm,2016
Match 3,Punjab Kings,Gujarat Lions,2016-04-11,8:00 pm,2016
Match 4,Royal Challengers Bangalore,Sunrisers Hyderabad,2016-04-12,8:00 pm,2016
Match 5,Kolkata Knight Riders,Mumbai Indians,2016-04-13,8:00 pm,2016
Match 6,Gujarat Lions,Rising Pune Supergiant,2016-04-14,8:00 pm,2016
Match 7,Delhi Daredevils,Punjab Kings,2016-04-15,8:00 pm,2016
Match 8,Sunrisers Hyderabad,Kolkata Knight Riders,2016-04-16,4:00 pm,2016
Match 9,Mumbai Indians,Gujarat Lions,2016-04-16,8:00 pm,2016
Match 10,Punjab Kings,Rising Pune Supergiant,2016-04-17,4:00 pm,2016
Match 11,Royal Challengers Bangalore,Delhi Daredevils,2016-04-17,8:00 pm,2016
Match 12,Sunrisers Hyderabad,Mumbai Indians,2016-04-18,8:00 pm,2016
Match 13,Punjab Kings,Kolkata Knight Riders,2016-04-19,8:00 pm,2016
Match 14,Mumbai Indians,Royal Challengers Bangalore,2016-04-20,8:00 pm,2016
Match 15,Gujarat Lions,Sunrisers Hyderabad,2016-04-21,8:00 pm,2016
Match 16,Rising Pune Supergiant,Royal Challengers Bangalore,2016-04-22,8:00 pm,2016
Match 17,Delhi Daredevils,Mumbai Indians,2016-04-23,4:00 pm,2016
Match 18,Sunrisers Hyderabad,Punjab Kings,2016-04-23,8:00 pm,2016
Match 19,Gujarat Lions,Royal Challengers Bangalore,2016-04-24,4:00 pm,2016
Match 20,Rising Pune Supergiant,Kolkata Knight Riders,2016-04-24,8:00 pm,2016
Match 21,Punjab Kings,Mumbai Indians,2016-04-25,8:00 pm,2016
Match 22,Sunrisers Hyderabad,Rising Pune Supergiant,2016-04-26,8:00 pm,2016
Match 23,Delhi Daredevils,Gujarat Lions,2016-04-27,8:00 pm,2016
Match 24,Mumbai Indians,Kolkata Knight Riders,2016-04-28,8:00 pm,2016
Match 25,Rising Pune Supergiant,Gujarat Lions,2016-04-29,8:00 pm,2016
Match 26,Delhi Daredevils,Kolkata Knight Riders,2016-04-30,4:00 pm,2016
Match 27,Sunrisers Hyderabad,Royal Challengers Bangalore,2016-04-30,8:00 pm,2016
Match 28,Gujarat Lions,Punjab Kings,2016-05-01,4:00 pm,2016
Match 29,Rising Pune Supergiant,Mumbai Indians,2016-05-01,8:00 pm,2016
Match 30,Royal Challengers Bangalore,Kolkata Knight Riders,2016-05-02,8:00 pm,2016
Match 31,Gujarat Lions,Delhi Daredevils,2016-05-03,8:00 pm,2016
Match 32,Kolkata Knight Riders,Punjab Kings,2016-05-04,8:00 pm,2016
Match 33,Delhi Daredevils,Rising Pune Supergiant,2016-05-05,8:00 pm,2016
Match 34,Sunrisers Hyderabad,Gujarat Lions,2016-05-06,8:00 pm,2016
Match 35,Royal Challengers Bangalore,Rising Pune Supergiant,2016-05-07,4:00 pm,2016
Match 36,Punjab Kings,Delhi Daredevils,2016-05-07,8:00 pm,2016
Match 37,Mumbai Indians,Sunrisers Hyderabad,2016-05-08,4:00 pm,2016
Match 38,Kolkata Knight Riders,Gujarat Lions,2016-05-08,8:00 pm,2016
Match 39,Punjab Kings,Royal Challengers Bangalore,2016-05-09,8:00 pm,2016
Match 40,Rising Pune Supergiant,Sunrisers Hyderabad,2016-05-10,8:00 pm,2016
Match 41,Royal Challengers Bangalore,Mumbai Indians,2016-05-11,8:00 pm,2016
Match 42,Sunrisers Hyderabad,Delhi Daredevils,2016-05-12,8:00 pm,2016
Match 43,Mumbai Indians,Punjab Kings,2016-05-13,8:00 pm,2016
Match 44,Royal Challengers Bangalore,Gujarat Lions,2016-05-14,4:00 pm,2016
Match 45,Kolkata Knight Riders,Rising Pune Supergiant,2016-05-14,8:00 pm,2016
Match 46,Punjab Kings,Sunrisers Hyderabad,2016-05-15,4:00 pm,2016
Match 47,Mumbai Indians,Delhi Daredevils,2016-05-15,8:00 pm,2016
Match 48,Kolkata Knight Riders,Royal Challengers Bangalore,2016-05-16,8:00 pm,2016
Match 49,Rising Pune Supergiant,Delhi Daredevils,2016-05-17,8:00 pm,2016
Match 50,Royal Challengers Bangalore,Punjab Kings,2016-05-18,8:00 pm,2016
Match 51,Gujarat Lions,Kolkata Knight Riders,2016-05-19,8:00 pm,2016
Match 52,Delhi Daredevils,Sunrisers Hyderabad,2016-05-20,8:00 pm,2016
Match 53,Rising Pune Supergiant,Punjab Kings,2016-05-21,4:00 pm,2016
Match 54,Gujarat Lions,Mumbai Indians,2016-05-21,8:00 pm,2016
Match 55,Kolkata Knight Riders,Sunrisers Hyderabad,2016-05-22,4:00 pm,2016
Match 56,Delhi Daredevils,Royal Challengers Bangalore,2016-05-22,8:00 pm,2016
Match 57,Gujarat Lions,Royal Challengers Bangalore,2016-05-24,8:00 pm,2016
Match 58,Sunrisers Hyderabad,Kolkata Knight Riders,2016-05-25,8:00 pm,2016
Match 59,Gujarat Lions,Sunrisers Hyderabad,2016-05-27,8:00 pm,2016
Match 60,Royal Challengers Bangalore,Sunrisers Hyderabad,2016-05-29,8:00 pm,2016
Match 1,Sunrisers Hyderabad,Royal Challengers Bangalore,2017-04-05,8:00 pm,2017
Match 2,Rising Pune Supergiant,Mumbai Indians,2017-04-06,8:00 pm,2017
Match 3,Gujarat Lions,Kolkata Knight Riders,2017-04-07,8:00 pm,2017
Match 4,Punjab Kings,Rising Pune Supergiant,2017-04-08,4:00 pm,2017
Match 5,Royal Challengers Bangalore,Delhi Daredevils,2017-04-08,8:00 pm,2017
Match 6,Sunrisers Hyderabad,Gujarat Lions,2017-04-09,4:00 pm,2017
Match 7,Mumbai Indians,Kolkata Knight Riders,2017-04-09,8:00 pm,2017
Match 8,Punjab Kings,Royal Challengers Bangalore,2017-04-10,8:00 pm,2017
Match 9,Rising Pune Supergiant,Delhi Daredevils,2017-04-11,8:00 pm,2017
Match 10,Mumbai Indians,Sunrisers Hyderabad,2017-04-12,8:00 pm,2017
Match 11,Kolkata Knight Riders,Punjab Kings,2017-04-13,8:00 pm,2017
Match 12,Royal Challengers Bangalore,Mumbai Indians,2017-04-14,4:00 pm,2017
Match 13,Gujarat Lions,Rising Pune Supergiant,2017-04-14,8:00 pm,2017
Match 14,Kolkata Knight Riders,Sunrisers Hyderabad,2017-04-15,4:00 pm,2017
Match 15,Delhi Daredevils,Punjab Kings,2017-04-15,8:00 pm,2017
Match 16,Mumbai Indians,Gujarat Lions,2017-04-16,4:00 pm,2017
Match 17,Royal Challengers Bangalore,Rising Pune Supergiant,2017-04-16,8:00 pm,2017
Match 18,Delhi Daredevils,Kolkata Knight Riders,2017-04-17,4:00 pm,2017
Match 19,Sunrisers Hyderabad,Punjab Kings,2017-04-17,8:00 pm,2017
Match 20,Gujarat Lions,Royal Challengers Bangalore,2017-04-18,8:00 pm,2017
Match 21,Sunrisers Hyderabad,Delhi Daredevils,2017-04-19,8:00 pm,2017
Match 22,Punjab Kings,Mumbai Indians,2017-04-20,8:00 pm,2017
Match 23,Kolkata Knight Riders,Gujarat Lions,2017-04-21,8:00 pm,2017
Match 24,Rising Pune Supergiant,Sunrisers Hyderabad,2017-04-22,4:00 pm,2017
Match 25,Mumbai Indians,Delhi Daredevils,2017-04-22,8:00 pm,2017
Match 26,Gujarat Lions,Punjab Kings,2017-04-23,4:00 pm,2017
Match 27,Kolkata Knight Riders,Royal Challengers Bangalore,2017-04-23,8:00 pm,2017
Match 28,Mumbai Indians,Rising Pune Supergiant,2017-04-24,8:00 pm,2017
Match 29,Royal Challengers Bangalore,Sunrisers Hyderabad,2017-04-25,8:00 pm,2017
Match 30,Rising Pune Supergiant,Kolkata Knight Riders,2017-04-26,8:00 pm,2017
Match 31,Royal Challengers Bangalore,Gujarat Lions,2017-04-27,8:00 pm,2017
Match 32,Kolkata Knight Riders,Delhi Daredevils,2017-04-28,4:00 pm,2017
Match 33,Punjab Kings,Sunrisers Hyderabad,2017-04-28,8:00 pm,2017
Match 34,Rising Pune Supergiant,Royal Challengers Bangalore,2017-04-29,4:00 pm,2017
Match 35,Gujarat Lions,Mumbai Indians,2017-04-29,8:00 pm,2017
Match 36,Punjab Kings,Delhi Daredevils,2017-04-30,4:00 pm,2017
Match 37,Sunrisers Hyderabad,Kolkata Knight Riders,2017-04-30,8:00 pm,2017
Match 38,Mumbai Indians,Royal Challengers Bangalore,2017-05-01,4:00 pm,2017
Match 39,Rising Pune Supergiant,Gujarat Lions,2017-05-01,8:00 pm,2017
Match 40,Delhi Daredevils,Sunrisers Hyderabad,2017-05-02,8:00 pm,2017
Match 41,Kolkata Knight Riders,Rising Pune Supergiant,2017-05-03,8:00 pm,2017
Match 42,Delhi Daredevils,Gujarat Lions,2017-05-04,8:00 pm,2017
Match 43,Royal Challengers Bangalore,Punjab Kings,2017-05-05,8:00 pm,2017
Match 44,Sunrisers Hyderabad,Rising Pune Supergiant,2017-05-06,4:00 pm,2017
Match 45,Delhi Daredevils,Mumbai Indians,2017-05-06,8:00 pm,2017
Match 46,Royal Challengers Bangalore,Kolkata Knight Riders,2017-05-07,4:00 pm,2017
Match 47,Punjab Kings,Gujarat Lions,2017-05-07,8:00 pm,2017
Match 48,Sunrisers Hyderabad,Mumbai Indians,2017-05-08,8:00 pm,2017
Match 49,Punjab Kings,Kolkata Knight Riders,2017-05-09,8:00 pm,2017
Match 50,Gujarat Lions,Delhi Daredevils,2017-05-10,8:00 pm,2017
Match 51,Mumbai Indians,Punjab Kings,2017-05-11,8:00 pm,2017
Match 52,Delhi Daredevils,Rising Pune Supergiant,2017-05-12,8:00 pm,2017
Match 53,Gujarat Lions,Sunrisers Hyderabad,2017-05-13,4:00 pm,2017
Match 54,Kolkata Knight Riders,Mumbai Indians,2017-05-13,8:00 pm,2017
Match 55,Rising Pune Supergiant,Punjab Kings,2017-05-14,4:00 pm,2017
Match 56,Delhi Daredevils,Royal Challengers Bangalore,2017-05-14,8:00 pm,2017
Match 57,Mumbai Indians,Rising Pune Supergiant,2017-05-16,8:00 pm,2017
Match 58,Sunrisers Hyderabad,Kolkata Knight Riders,2017-05-17,8:00 pm,2017
Match 59,Mumbai Indians,Kolkata Knight Riders,2017-05-19,8:00 pm,2017
Match 60,Rising Pune Supergiant,Mumbai Indians,2017-05-21,8:00 pm,2017
Match 1,Mumbai Indians,Chennai Super Kings,2018-04-07,8:00 pm,2018
Match 2,Punjab Kings,Delhi Daredevils,2018-04-08,4:00 pm,2018
Match 3,Kolkata Knight Riders,Royal Challengers Bangalore,2018-04-08,8:00 pm,2018
Match 4,Sunrisers Hyderabad,Rajasthan Royals,2018-04-09,8:00 pm,2018
Match 5,Chennai Super Kings,Kolkata Knight Riders,2018-04-10,8:00 pm,2018
Match 6,Rajasthan Royals,Delhi Daredevils,2018-04-11,8:00 pm,2018
Match 7,Sunrisers Hyderabad,Mumbai Indians,2018-04-12,8:00 pm,2018
Match 8,Royal Challengers Bangalore,Punjab Kings,2018-04-13,8:00 pm,2018
Match 9,Mumbai Indians,Delhi Daredevils,2018-04-14,4:00 pm,2018
Match 10,Kolkata Knight Riders,Sunrisers Hyderabad,2018-04-14,8:00 pm,2018
Match 11,Royal Challengers Bangalore,Rajasthan Royals,2018-04-15,4:00 pm,2018
Match 12,Punjab Kings,Chennai Super Kings,2018-04-15,8:00 pm,2018
Match 13,Kolkata Knight Riders,Delhi Daredevils,2018-04-16,8:00 pm,2018
Match 14,Mumbai Indians,Royal Challengers Bangalore,2018-04-17,8:00 pm,2018
Match 15,Rajasthan Royals,Kolkata Knight Riders,2018-04-18,8:00 pm,2018
Match 16,Punjab Kings,Sunrisers Hyderabad,2018-04-19,8:00 pm,2018
Match 17,Chennai Super Kings,Rajasthan Royals,2018-04-20,8:00 pm,2018
Match 18,Kolkata Knight Riders,Punjab Kings,2018-04-21,4:00 pm,2018
Match 19,Royal Challengers Bangalore,Delhi Daredevils,2018-04-21,8:00 pm,2018
Match 20,Sunrisers Hyderabad,Chennai Super Kings,2018-04-22,4:00 pm,2018
Match 21,Rajasthan Royals,Mumbai Indians,2018-04-22,8:00 pm,2018
Match 22,Delhi Daredevils,Punjab Kings,2018-04-23,8:00 pm,2018
Match 23,Mumbai Indians,Sunrisers Hyderabad,2018-04-24,8:00 pm,2018
Match 24,Royal Challengers Bangalore,Chennai Super Kings,2018-04-25,8:00 pm,2018
Match 25,Sunrisers Hyderabad,Punjab Kings,2018-04-26,8:00 pm,2018
Match 26,Delhi Daredevils,Kolkata Knight Riders,2018-04-27,8:00 pm,2018
Match 27,Chennai Super Kings,Mumbai Indians,2018-04-28,8:00 pm,2018
Match 28,Rajasthan Royals,Sunrisers Hyderabad,2018-04-29,4:00 pm,2018
Match 29,Royal Challengers Bangalore,Kolkata Knight Riders,2018-04-29,8:00 pm,2018
Match 30,Chennai Super Kings,Delhi Daredevils,2018-04-30,8:00 pm,2018
Match 31,Royal Challengers Bangalore,Mumbai Indians,2018-05-01,8:00 pm,2018
Match 32,Delhi Daredevils,Rajasthan Royals,2018-05-02,8:00 pm,2018
Match 33,Kolkata Knight Riders,Chennai Super Kings,2018-05-03,8:00 pm,2018
Match 34,Punjab Kings,Mumbai Indians,2018-05-04,8:00 pm,2018
Match 35,Chennai Super Kings,Royal Challengers Bangalore,2018-05-05,4:00 pm,2018
Match 36,Sunrisers Hyderabad,Delhi Daredevils,2018-05-05,8:00 pm,2018
Match 37,Mumbai Indians,Kolkata Knight Riders,2018-05-06,4:00 pm,2018
Match 38,Punjab Kings,Rajasthan Royals,2018-05-06,8:00 pm,2018
Match 39,Sunrisers Hyderabad,Royal Challengers Bangalore,2018-05-07,8:00 pm,2018
Match 40,Rajasthan Royals,Punjab Kings,2018-05-08,8:00 pm,2018
Match 41,Kolkata Knight Riders,Mumbai Indians,2018-05-09,8:00 pm,2018
Match 42,Delhi Daredevils,Sunrisers Hyderabad,2018-05-10,8:00 pm,2018
Match 43,Rajasthan Royals,Chennai Super Kings,2018-05-11,8:00 pm,2018
Match 44,Punjab Kings,Kolkata Knight Riders,2018-05-12,4:00 pm,2018
Match 45,Delhi Daredevils,Royal Challengers Bangalore,2018-05-12,8:00 pm,2018
Match 46,Chennai Super Kings,Sunrisers Hyderabad,2018-05-13,4:00 pm,2018
Match 47,Mumbai Indians,Rajasthan Royals,2018-05-13,8:00 pm,2018
Match 48,Punjab Kings,Royal Challengers Bangalore,2018-05-14,8:00 pm,2018
Match 49,Kolkata Knight Riders,Rajasthan Royals,2018-05-15,8:00 pm,2018
Match 50,Mumbai Indians,Punjab Kings,2018-05-16,8:00 pm,2018
Match 51,Royal Challengers Bangalore,Sunrisers Hyderabad,2018-05-17,8:00 pm,2018
Match 52,Delhi Daredevils,Chennai Super Kings,2018-05-18,8:00 pm,2018
Match 53,Rajasthan Royals,Royal Challengers Bangalore,2018-05-19,4:00 pm,2018
Match 54,Sunrisers Hyderabad,Kolkata Knight Riders,2018-05-19,8:00 pm,2018
Match 55,Delhi Daredevils,Mumbai Indians,2018-05-20,4:00 pm,2018
Match 56,Chennai Super Kings,Punjab Kings,2018-05-20,8:00 pm,2018
Match 57,Sunrisers Hyderabad,Chennai Super Kings,2018-05-22,7:00 pm,2018
Match 58,Kolkata Knight Riders,Rajasthan Royals,2018-05-23,7:00 pm,2018
Match 59,Sunrisers Hyderabad,Kolkata Knight Riders,2018-05-25,7:00 pm,2018
Match 60,Chennai Super Kings,Sunrisers Hyderabad,2018-05-27,7:00 pm,2018
Match 1,Chennai Super Kings,Royal Challengers Bangalore,2019-03-23,8:00 pm,2019
Match 2,Kolkata Knight Riders,Sunrisers Hyderabad,2019-03-24,4:00 pm,2019
Match 3,Mumbai Indians,Delhi Capitals,2019-03-24,8:00 pm,2019
Match 4,Rajasthan Royals,Punjab Kings,2019-03-25,8:00 pm,2019
Match 5,Delhi Capitals,Chennai Super Kings,2019-03-26,8:00 pm,2019
Match 6,Kolkata Knight Riders,Punjab Kings,2019-03-27,8:00 pm,2019
Match 7,Royal Challengers Bangalore,Mumbai Indians,2019-03-28,8:00 pm,2019
Match 8,Sunrisers Hyderabad,Rajasthan Royals,2019-03-29,8:00 pm,2019
Match 9,Punjab Kings,Mumbai Indians,2019-03-30,4:00 pm,2019
Match 10,Delhi Capitals,Kolkata Knight Riders,2019-03-30,8:00 pm,2019
Match 11,Sunrisers Hyderabad,Royal Challengers Bangalore,2019-03-31,4:00 pm,2019
Match 12,Chennai Super Kings,Rajasthan Royals,2019-03-31,8:00 pm,2019
Match 13,Punjab Kings,Delhi Capitals,2019-04-01,8:00 pm,2019
Match 14,Rajasthan Royals,Royal Challengers Bangalore,2019-04-02,8:00 pm,2019
Match 15,Mumbai Indians,Chennai Super Kings,2019-04-03,8:00 pm,2019
Match 16,Delhi Capitals,Sunrisers Hyderabad,2019-04-04,8:00 pm,2019
Match 17,Royal Challengers Bangalore,Kolkata Knight Riders,2019-04-05,8:00 pm,2019
Match 18,Chennai Super Kings,Punjab Kings,2019-04-06,4:00 pm,2019
Match 19,Sunrisers Hyderabad,Mumbai Indians,2019-04-06,8:00 pm,2019
Match 20,Royal Challengers Bangalore,Delhi Capitals,2019-04-07,4:00 pm,2019
Match 21,Rajasthan Royals,Kolkata Knight Riders,2019-04-07,8:00 pm,2019
Match 22,Punjab Kings,Sunrisers Hyderabad,2019-04-08,8:00 pm,2019
Match 23,Chennai Super Kings,Kolkata Knight Riders,2019-04-09,8:00 pm,2019
Match 24,Mumbai Indians,Punjab Kings,2019-04-10,8:00 pm,2019
Match 25,Rajasthan Royals,Chennai Super Kings,2019-04-11,8:00 pm,2019
Match 26,Kolkata Knight Riders,Delhi Capitals,2019-04-12,8:00 pm,2019
Match 27,Mumbai Indians,Rajasthan Royals,2019-04-13,4:00 pm,2019
Match 28,Punjab Kings,Royal Challengers Bangalore,2019-04-13,8:00 pm,2019
Match 29,Kolkata Knight Riders,Chennai Super Kings,2019-04-14,4:00 pm,2019
Match 30,Sunrisers Hyderabad,Delhi Capitals,2019-04-14,8:00 pm,2019
Match 31,Mumbai Indians,Royal Challengers Bangalore,2019-04-15,8:00 pm,2019
Match 32,Punjab Kings,Rajasthan Royals,2019-04-16,8:00 pm,2019
Match 33,Sunrisers Hyderabad,Chennai Super Kings,2019-04-17,8:00 pm,2019
Match 34,Delhi Capitals,Mumbai Indians,2019-04-18,8:00 pm,2019
Match 35,Kolkata Knight Riders,Royal Challengers Bangalore,2019-04-19,8:00 pm,2019
Match 36,Rajasthan Royals,Mumbai Indians,2019-04-20,4:00 pm,2019
Match 37,Delhi Capitals,Punjab Kings,2019-04-20,8:00 pm,2019
Match 38,Sunrisers Hyderabad,Kolkata Knight Riders,2019-04-21,4:00 pm,2019
Match 39,Royal Challengers Bangalore,Chennai Super Kings,2019-04-21,8:00 pm,2019
Match 40,Rajasthan Royals,Delhi Capitals,2019-04-22,8:00 pm,2019
Match 41,Chennai Super Kings,Sunrisers Hyderabad,2019-04-23,8:00 pm,2019
Match 42,Royal Challengers Bangalore,Punjab Kings,2019-04-24,8:00 pm,2019
Match 43,Kolkata Knight Riders,Rajasthan Royals,2019-04-25,8:00 pm,2019
Match 44,Chennai Super Kings,Mumbai Indians,2019-04-26,8:00 pm,2019
Match 45,Rajasthan Royals,Sunrisers Hyderabad,2019-04-27,8:00 pm,2019
Match 46,Delhi Capitals,Royal Challengers Bangalore,2019-04-28,4:00 pm,2019
Match 47,Kolkata Knight Riders,Mumbai Indians,2019-04-28,8:00 pm,2019
Final,Sunrisers Hyderabad,Punjab Kings,2019-04-29,8:00 pm,2019
Match 49,Royal Challengers Bangalore,Rajasthan Royals,2019-04-30,8:00 pm,2019
Match 50,Chennai Super Kings,Delhi Capitals,2019-05-01,8:00 pm,2019
Match 51,Mumbai Indians,Sunrisers Hyderabad,2019-05-02,8:00 pm,2019
Match 52,Punjab Kings,Kolkata Knight Riders,2019-05-03,8:00 pm,2019
Match 53,Delhi Capitals,Rajasthan Royals,2019-05-04,4:00 pm,2019
Match 54,Royal Challengers Bangalore,Sunrisers Hyderabad,2019-05-04,8:00 pm,2019
Match 55,Punjab Kings,Chennai Super Kings,2019-05-05,4:00 pm,2019
Match 56,Mumbai Indians,Kolkata Knight Riders,2019-05-05,8:00 pm,2019
Match 57,Mumbai Indians,Chennai Super Kings,2019-05-07,7:30 pm,2019
Match 58,Delhi Capitals,Sunrisers Hyderabad,2019-05-08,7:30 pm,2019
Match 59,Chennai Super Kings,Delhi Capitals,2019-05-10,7:30 pm,2019
Match 60,Mumbai Indians,Chennai Super Kings,2019-05-12,7:30 pm,2019
Match 1,Mumbai Indians,Chennai Super Kings,2020-09-19,07:30 PM,2020
Match 2,Delhi Capitals,Punjab Kings,2020-09-20,07:30 PM,2020
Match 3,Sunrisers Hyderabad,Royal Challengers Bangalore,2020-09-21,07:30 PM,2020
Match 4,Rajasthan Royals,Chennai Super Kings,2020-09-22,07:30 PM,2020
Match 5,Kolkata Knight Riders,Mumbai Indians,2020-09-23,07:30 PM,2020
Match 6,Punjab Kings,Royal Challengers Bangalore,2020-09-24,07:30 PM,2020
Match 7,Chennai Super Kings,Delhi Capitals,2020-09-25,07:30 PM,2020
Match 8,Kolkata Knight Riders,Sunrisers Hyderabad,2020-09-26,07:30 PM,2020
Match 9,Rajasthan Royals,Punjab Kings,2020-09-27,07:30 PM,2020
Match 10,Royal Challengers Bangalore,Mumbai Indians,2020-09-28,07:30 PM,2020
Match 11,Delhi Capitals,Sunrisers Hyderabad,2020-09-29,07:30 PM,2020
Match 12,Rajasthan Royals,Kolkata Knight Riders,2020-09-30,07:30 PM,2020
Match 13,Punjab Kings,Mumbai Indians,2020-10-01,07:30 PM,2020
Match 14,Chennai Super Kings,Sunrisers Hyderabad,2020-10-02,07:30 PM,2020
Match 15,Royal Challengers Bangalore,Rajasthan Royals,2020-10-03,03:30 PM,2020
Match 16,Delhi Capitals,Kolkata Knight Riders,2020-10-03,07:30 PM,2020
Match 17,Mumbai Indians,Sunrisers Hyderabad,2020-10-04,03:30 PM,2020
Match 18,Punjab Kings,Chennai Super Kings,2020-10-04,07:30 PM,2020
Match 19,Royal Challengers Bangalore,Delhi Capitals,2020-10-05,07:30 PM,2020
Match 20,Mumbai Indians,Rajasthan Royals,2020-10-06,07:30 PM,2020
Match 21,Kolkata Knight Riders,Chennai Super Kings,2020-10-07,07:30 PM,2020
Match 22,Sunrisers Hyderabad,Punjab Kings,2020-10-08,07:30 PM,2020
Match 23,Rajasthan Royals,Delhi Capitals,2020-10-09,07:30 PM,2020
Match 24,Punjab Kings,Kolkata Knight Riders,2020-10-10,03:30 PM,2020
Match 25,Chennai Super Kings,Royal Challengers Bangalore,2020-10-10,07:30 PM,2020
Match 26,Sunrisers Hyderabad,Rajasthan Royals,2020-10-11,03:30 PM,2020
Match 27,Mumbai Indians,Delhi Capitals,2020-10-11,07:30 PM,2020
Match 28,Royal Challengers Bangalore,Kolkata Knight Riders,2020-10-12,07:30 PM,2020
Match 29,Sunrisers Hyderabad,Chennai Super Kings,2020-10-13,07:30 PM,2020
Match 30,Delhi Capitals,Rajasthan Royals,2020-10-14,07:30 PM,2020
Match 31,Royal Challengers Bangalore,Punjab Kings,2020-10-15,07:30 PM,2020
Match 32,Mumbai Indians,Kolkata Knight Riders,2020-10-16,07:30 PM,2020
Match 33,Rajasthan Royals,Royal Challengers Bangalore,2020-10-17,03:30 PM,2020
Match 34,Delhi Capitals,Chennai Super Kings,2020-10-17,07:30 PM,2020
Match 35,Sunrisers Hyderabad,Kolkata Knight Riders,2020-10-18,03:30 PM,2020
Match 36,Mumbai Indians,Punjab Kings,2020-10-18,07:30 PM,2020
Match 37,Chennai Super Kings,Rajasthan Royals,2020-10-19,07:30 PM,2020
Match 38,Punjab Kings,Delhi Capitals,2020-10-20,07:30 PM,2020
Match 39,Kolkata Knight Riders,Royal Challengers Bangalore,2020-10-21,07:30 PM,2020
Match 40,Rajasthan Royals,Sunrisers Hyderabad,2020-10-22,07:30 PM,2020
Match 41,Chennai Super Kings,Mumbai Indians,2020-10-23,07:30 PM,2020
Match 42,Kolkata Knight Riders,Delhi Capitals,2020-10-24,03:30 PM,2020
Match 43,Punjab Kings,Sunrisers Hyderabad,2020-10-24,07:30 PM,2020
Match 44,Royal Challengers Bangalore,Chennai Super Kings,2020-10-25,03:30 PM,2020
Match 45,Rajasthan Royals,Mumbai Indians,2020-10-25,07:30 PM,2020
Match 46,Kolkata Knight Riders,Punjab Kings,2020-10-26,07:30 PM,2020
Match 47,Sunrisers Hyderabad,Delhi Capitals,2020-10-27,07:30 PM,2020
Match 48,Mumbai Indians,Royal Challengers Bangalore,2020-10-28,07:30 PM,2020
Match 49,Chennai Super Kings,Kolkata Knight Riders,2020-10-29,07:30 PM,2020
Match 50,Punjab Kings,Rajasthan Royals,2020-10-30,07:30 PM,2020
Match 51,Delhi Capitals,Mumbai Indians,2020-10-31,03:30 PM,2020
Match 52,Royal Challengers Bangalore,Sunrisers Hyderabad,2020-10-31,07:30 PM,2020
Match 53,Chennai Super Kings,Punjab Kings,2020-11-01,03:30 PM,2020
Match 54,Kolkata Knight Riders,Rajasthan Royals,2020-11-01,07:30 PM,2020
Match 55,Delhi Capitals,Royal Challengers Bangalore,2020-11-02,07:30 PM,2020
Match 56,Sunrisers Hyderabad,Mumbai Indians,2020-11-03,07:30 PM,2020
Match 57,Mumbai Indians,Delhi Capitals,2020-11-05,07:30 PM,2020
Match 58,Sunrisers Hyderabad,Royal Challengers Bangalore,2020-11-06,07:30 PM,2020
Match 59,Delhi Capitals,Sunrisers Hyderabad,2020-11-08,07:30 PM,2020
Final,Mumbai Indians,Delhi Capitals,2020-11-10,07:30 PM,2020
Match 1,Mumbai Indians,Royal Challengers Bangalore,2021-04-09,7:30 pm,2021
Match 2,Chennai Super Kings,Delhi Capitals,2021-04-10,7:30 pm,2021
Match 3,Sunrisers Hyderabad,Kolkata Knight Riders,2021-04-11,7:30 pm,2021
Match 4,Rajasthan Royals,Punjab Kings,2021-04-12,7:30 pm,2021
Match 5,Kolkata Knight Riders,Mumbai Indians,2021-04-13,7:30 pm,2021
Match 6,Sunrisers Hyderabad,Royal Challengers Bangalore,2021-04-14,7:30 pm,2021
Match 7,Rajasthan Royals,Delhi Capitals,2021-04-15,7:30 pm,2021
Match 8,Punjab Kings,Chennai Super Kings,2021-04-16,7:30 pm,2021
Match 9,Mumbai Indians,Sunrisers Hyderabad,2021-04-17,7:30 pm,2021
Match 10,Royal Challengers Bangalore,Kolkata Knight Riders,2021-04-18,3:30 pm,2021
Match 11,Delhi Capitals,Punjab Kings,2021-04-18,7:30 pm,2021
Match 12,Chennai Super Kings,Rajasthan Royals,2021-04-19,7:30 pm,2021
Match 13,Delhi Capitals,Mumbai Indians,2021-04-20,7:30 pm,2021
Match 14,Punjab Kings,Sunrisers Hyderabad,2021-04-21,3:30 pm,2021
Match 15,Kolkata Knight Riders,Chennai Super Kings,2021-04-21,7:30 pm,2021
Match 16,Royal Challengers Bangalore,Rajasthan Royals,2021-04-22,7:30 pm,2021
Match 17,Punjab Kings,Mumbai Indians,2021-04-23,7:30 pm,2021
Match 18,Rajasthan Royals,Kolkata Knight Riders,2021-04-24,7:30 pm,2021
Match 19,Chennai Super Kings,Royal Challengers Bangalore,2021-04-25,3:30 pm,2021
Match 20,Sunrisers Hyderabad,Delhi Capitals,2021-04-25,7:30 pm,2021
Match 21,Punjab Kings,Kolkata Knight Riders,2021-04-26,7:30 pm,2021
Match 22,Delhi Capitals,Royal Challengers Bangalore,2021-04-27,7:30 pm,2021
Match 23,Chennai Super Kings,Sunrisers Hyderabad,2021-04-28,7:30 pm,2021
Match 24,Mumbai Indians,Rajasthan Royals,2021-04-29,3:30 pm,2021
Match 25,Delhi Capitals,Kolkata Knight Riders,2021-04-29,7:30 pm,2021
Match 26,Punjab Kings,Royal Challengers Bangalore,2021-04-30,7:30 pm,2021
Match 27,Mumbai Indians,Chennai Super Kings,2021-05-01,7:30 pm,2021
Match 28,Rajasthan Royals,Sunrisers Hyderabad,2021-05-02,3:30 pm,2021
Match 29,Punjab Kings,Delhi Capitals,2021-05-02,7:30 pm,2021
Match 30,Chennai Super Kings,Mumbai Indians,2021-09-19,07:30 PM,2021
Match 31,Kolkata Knight Riders,Royal Challengers Bangalore,2021-09-20,07:30 PM,2021
Match 32,Punjab Kings,Rajasthan Royals,2021-09-21,07:30 PM,2021
Match 33,Delhi Capitals,Sunrisers Hyderabad,2021-09-22,07:30 PM,2021
Match 34,Mumbai Indians,Kolkata Knight Riders,2021-09-23,07:30 PM,2021
Match 35,Royal Challengers Bangalore,Chennai Super Kings,2021-09-24,07:30 PM,2021
Match 36,Delhi Capitals,Rajasthan Royals,2021-09-25,03:30 PM,2021
Match 37,Sunrisers Hyderabad,Punjab Kings,2021-09-25,07:30 PM,2021
Match 38,Chennai Super Kings,Kolkata Knight Riders,2021-09-26,03:30 PM,2021
Match 39,Royal Challengers Bangalore,Mumbai Indians,2021-09-26,07:30 PM,2021
Match 40,Sunrisers Hyderabad,Rajasthan Royals,2021-09-27,07:30 PM,2021
Match 41,Kolkata Knight Riders,Delhi Capitals,2021-09-28,03:30 PM,2021
Match 42,Mumbai Indians,Punjab Kings,2021-09-28,07:30 PM,2021
Match 43,Rajasthan Royals,Royal Challengers Bangalore,2021-09-29,07:30 PM,2021
Match 44,Sunrisers Hyderabad,Chennai Super Kings,2021-09-30,07:30 PM,2021
Match 45,Kolkata Knight Riders,Punjab Kings,2021-10-01,07:30 PM,2021
Match 46,Mumbai Indians,Delhi Capitals,2021-10-02,03:30 PM,2021
Match 47,Rajasthan Royals,Chennai Super Kings,2021-10-02,07:30 PM,2021
Match 48,Royal Challengers Bangalore,Punjab Kings,2021-10-03,03:30 PM,2021
Match 49,Kolkata Knight Riders,Sunrisers Hyderabad,2021-10-03,07:30 PM,2021
Match 50,Delhi Capitals,Chennai Super Kings,2021-10-04,07:30 PM,2021
Match 51,Rajasthan Royals,Mumbai Indians,2021-10-05,07:30 PM,2021
Match 52,Royal Challengers Bangalore,Sunrisers Hyderabad,2021-10-06,07:30 PM,2021
Match 53,Chennai Super Kings,Punjab Kings,2021-10-07,03:30 PM,2021
Match 54,Kolkata Knight Riders,Rajasthan Royals,2021-10-07,07:30 PM,2021
Match 56,Sunrisers Hyderabad,Mumbai Indians,2021-10-08,07:30 PM,2021
Match 55,Royal Challengers Bangalore,Delhi Capitals,2021-10-08,07:30 PM,2021
Match 57,Delhi Capitals,Chennai Super Kings,2021-10-10,07:30 PM,2021
Match 58,Royal Challengers Bangalore,Kolkata Knight Riders,2021-10-11,07:30 PM,2021
Match 59,Kolkata Knight Riders,Delhi Capitals,2021-10-13,07:30 PM,2021
Match 60,Chennai Super Kings,Kolkata Knight Riders,2021-10-15,07:30 PM,2021
Match 1,Chennai Super Kings,Kolkata Knight Riders,2022-03-26,7:30 pm,2022
Match 2,Delhi Capitals,Mumbai Indians,2022-03-27,3:30 pm,2022
Match 3,Royal Challengers Bangalore,Punjab Kings,2022-03-27,7:30 pm,2022
Match 4,Gujarat Titans,Lucknow Super Giants,2022-03-28,7:30 pm,2022
Match 5,Sunrisers Hyderabad,Rajasthan Royals,2022-03-29,7:30 pm,2022
Match 6,Royal Challengers Bangalore,Kolkata Knight Riders,2022-03-30,7:30 pm,2022
Match 7,Lucknow Super Giants,Chennai Super Kings,2022-03-31,7:30 pm,2022
Match 8,Kolkata Knight Riders,Punjab Kings,2022-04-01,7:30 pm,2022
Match 9,Mumbai Indians,Rajasthan Royals,2022-04-02,3:30 pm,2022
Match 10,Gujarat Titans,Delhi Capitals,2022-04-02,7:30 pm,2022
Match 11,Chennai Super Kings,Punjab Kings,2022-04-03,7:30 pm,2022
Match 12,Sunrisers Hyderabad,Lucknow Super Giants,2022-04-04,7:30 pm,2022
Match 13,Rajasthan Royals,Royal Challengers Bangalore,2022-04-05,7:30 pm,2022
Match 14,Kolkata Knight Riders,Mumbai Indians,2022-04-06,7:30 pm,2022
Match 15,Lucknow Super Giants,Delhi Capitals,2022-04-07,7:30 pm,2022
Match 16,Punjab Kings,Gujarat Titans,2022-04-08,7:30 pm,2022
Match 17,Chennai Super Kings,Sunrisers Hyderabad,2022-04-09,3:30 pm,2022
Match 18,Royal Challengers Bangalore,Mumbai Indians,2022-04-09,7:30 pm,2022
Match 19,Kolkata Knight Riders,Delhi Capitals,2022-04-10,3:30 pm,2022
Match 20,Rajasthan Royals,Lucknow Super Giants,2022-04-10,7:30 pm,2022
Match 21,Sunrisers Hyderabad,Gujarat Titans,2022-04-11,7:30 pm,2022
Match 22,Chennai Super Kings,Royal Challengers Bangalore,2022-04-12,7:30 pm,2022
Match 23,Mumbai Indians,Punjab Kings,2022-04-13,7:30 pm,2022
Match 24,Rajasthan Royals,Gujarat Titans,2022-04-14,7:30 pm,2022
Match 25,Sunrisers Hyderabad,Kolkata Knight Riders,2022-04-15,7:30 pm,2022
Match 26,Mumbai Indians,Lucknow Super Giants,2022-04-16,3:30 pm,2022
Match 27,Delhi Capitals,Royal Challengers Bangalore,2022-04-16,7:30 pm,2022
Match 28,Punjab Kings,Sunrisers Hyderabad,2022-04-17,3:30 pm,2022
Match 29,Gujarat Titans,Chennai Super Kings,2022-04-17,7:30 pm,2022
Match 30,Rajasthan Royals,Kolkata Knight Riders,2022-04-18,7:30 pm,2022
Match 31,Lucknow Super Giants,Royal Challengers Bangalore,2022-04-19,7:30 pm,2022
Match 32,Delhi Capitals,Punjab Kings,2022-04-20,7:30 pm,2022
Match 33,Mumbai Indians,Chennai Super Kings,2022-04-21,7:30 pm,2022
Match 34,Delhi Capitals,Rajasthan Royals,2022-04-22,7:30 pm,2022
Match 35,Kolkata Knight Riders,Gujarat Titans,2022-04-23,3:30 pm,2022
Match 36,Royal Challengers Bangalore,Sunrisers Hyderabad,2022-04-23,7:30 pm,2022
Match 37,Lucknow Super Giants,Mumbai Indians,2022-04-24,7:30 pm,2022
Match 38,Punjab Kings,Chennai Super Kings,2022-04-25,7:30 pm,2022
Match 39,Royal Challengers Bangalore,Rajasthan Royals,2022-04-26,7:30 pm,2022
Match 40,Gujarat Titans,Sunrisers Hyderabad,2022-04-27,7:30 pm,2022
Match 41,Delhi Capitals,Kolkata Knight Riders,2022-04-28,7:30 pm,2022
Match 42,Punjab Kings,Lucknow Super Giants,2022-04-29,7:30 pm,2022
Match 43,Gujarat Titans,Royal Challengers Bangalore,2022-04-30,3:30 pm,2022
Match 44,Rajasthan Royals,Mumbai Indians,2022-04-30,7:30 pm,2022
Match 45,Delhi Capitals,Lucknow Super Giants,2022-05-01,3:30 pm,2022
Match 46,Sunrisers Hyderabad,Chennai Super Kings,2022-05-01,7:30 pm,2022
Match 47,Kolkata Knight Riders,Rajasthan Royals,2022-05-02,7:30 pm,2022
Match 48,Gujarat Titans,Punjab Kings,2022-05-03,7:30 pm,2022
Match 49,Royal Challengers Bangalore,Chennai Super Kings,2022-05-04,7:30 pm,2022
Match 50,Delhi Capitals,Sunrisers Hyderabad,2022-05-05,7:30 pm,2022
Match 51,Gujarat Titans,Mumbai Indians,2022-05-06,7:30 pm,2022
Match 52,Punjab Kings,Rajasthan Royals,2022-05-07,3:30 pm,2022
Match 53,Lucknow Super Giants,Kolkata Knight Riders,2022-05-07,7:30 pm,2022
Match 54,Sunrisers Hyderabad,Royal Challengers Bangalore,2022-05-08,3:30 pm,2022
Match 55,Chennai Super Kings,Delhi Capitals,2022-05-08,7:30 pm,2022
Match 56,Mumbai Indians,Kolkata Knight Riders,2022-05-09,7:30 pm,2022
Match 57,Lucknow Super Giants,Gujarat Titans,2022-05-10,7:30 pm,2022
Match 58,Rajasthan Royals,Delhi Capitals,2022-05-11,7:30 pm,2022
Match 59,Chennai Super Kings,Mumbai Indians,2022-05-12,7:30 pm,2022
Match 60,Royal Challengers Bangalore,Punjab Kings,2022-05-13,7:30 pm,2022
Match 61,Kolkata Knight Riders,Sunrisers Hyderabad,2022-05-14,7:30 pm,2022
Match 62,Chennai Super Kings,Gujarat Titans,2022-05-15,3:30 pm,2022
Match 63,Lucknow Super Giants,Rajasthan Royals,2022-05-15,7:30 pm,2022
Match 64,Punjab Kings,Delhi Capitals,2022-05-16,7:30 pm,2022
Match 65,Mumbai Indians,Sunrisers Hyderabad,2022-05-17,7:30 pm,2022
Match 66,Kolkata Knight Riders,Lucknow Super Giants,2022-05-18,7:30 pm,2022
Match 67,Royal Challengers Bangalore,Gujarat Titans,2022-05-19,7:30 pm,2022
Match 68,Rajasthan Royals,Chennai Super Kings,2022-05-20,7:30 pm,2022
Match 69,Mumbai Indians,Delhi Capitals,2022-05-21,7:30 pm,2022
Match 70,Sunrisers Hyderabad,Punjab Kings,2022-05-22,7:30 pm,2022
Qualifier 1,Gujarat Titans,Rajasthan Royals,2022-05-24,7:30 pm,2022
Eliminator,Lucknow Super Giants,Royal Challengers Bangalore,2022-05-25,7:30 pm,2022
Qualifier 2,Rajasthan Royals,Royal Challengers Bangalore,2022-05-27,7:30 pm,2022
Final,Gujarat Titans,Rajasthan Royals,2022-05-29,8:00 pm,2022
Match 1,Gujarat Titans,Chennai Super Kings,2023-03-31,7:30 pm,2023
Match 2,Punjab Kings,Kolkata Knight Riders,2023-04-01,3:30 pm,2023
Match 3,Lucknow Super Giants,Delhi Capitals,2023-04-01,7:30 pm,2023
Match 4,Sunrisers Hyderabad,Rajasthan Royals,2023-04-02,3:30 pm,2023
Match 5,Royal Challengers Bengaluru,Mumbai Indians,2023-04-02,7:30 pm,2023
Match 6,Chennai Super Kings,Lucknow Super Giants,2023-04-03,7:30 pm,2023
Match 7,Delhi Capitals,Gujarat Titans,2023-04-04,7:30 pm,2023
Match 8,Rajasthan Royals,Punjab Kings,2023-04-05,7:30 pm,2023
Match 9,Kolkata Knight Riders,Royal Challengers Bengaluru,2023-04-06,7:30 pm,2023
Match 10,Lucknow Super Giants,Sunrisers Hyderabad,2023-04-07,7:30 pm,2023
Match 11,Rajasthan Royals,Delhi Capitals,2023-04-08,3:30 pm,2023
Match 12,Mumbai Indians,Chennai Super Kings,2023-04-08,7:30 pm,2023
Match 13,Gujarat Titans,Kolkata Knight Riders,2023-04-09,3:30 pm,2023
Match 14,Sunrisers Hyderabad,Punjab Kings,2023-04-09,7:30 pm,2023
Match 15,Royal Challengers Bengaluru,Lucknow Super Giants,2023-04-10,7:30 pm,2023
Match 16,Delhi Capitals,Mumbai Indians,2023-04-11,7:30 pm,2023
Match 17,Chennai Super Kings,Rajasthan Royals,2023-04-12,7:30 pm,2023
Match 18,Punjab Kings,Gujarat Titans,2023-04-13,7:30 pm,2023
Match 19,Kolkata Knight Riders,Sunrisers Hyderabad,2023-04-14,7:30 pm,2023
Match 20,Royal Challengers Bengaluru,Delhi Capitals,2023-04-15,3:30 pm,2023
Match 21,Lucknow Super Giants,Punjab Kings,2023-04-15,7:30 pm,2023
Match 22,Mumbai Indians,Kolkata Knight Riders,2023-04-16,3:30 pm,2023
Match 23,Gujarat Titans,Rajasthan Royals,2023-04-16,7:30 pm,2023
Match 24,Royal Challengers Bengaluru,Chennai Super Kings,2023-04-17,7:30 pm,2023
Match 25,Sunrisers Hyderabad,Mumbai Indians,2023-04-18,7:30 pm,2023
Match 26,Rajasthan Royals,Lucknow Super Giants,2023-04-19,7:30 pm,2023
Match 27,Punjab Kings,Royal Challengers Bengaluru,2023-04-20,3:30 pm,2023
Match 28,Delhi Capitals,Kolkata Knight Riders,2023-04-20,7:30 pm,2023
Match 29,Chennai Super Kings,Sunrisers Hyderabad,2023-04-21,7:30 pm,2023
Match 30,Lucknow Super Giants,Gujarat Titans,2023-04-22,3:30 pm,2023
Match 31,Mumbai Indians,Punjab Kings,2023-04-22,7:30 pm,2023
Match 32,Royal Challengers Bengaluru,Rajasthan Royals,2023-04-23,3:30 pm,2023
Match 33,Kolkata Knight Riders,Chennai Super Kings,2023-04-23,7:30 pm,2023
Match 34,Sunrisers Hyderabad,Delhi Capitals,2023-04-24,7:30 pm,2023
Match 35,Gujarat Titans,Mumbai Indians,2023-04-25,7:30 pm,2023
Match 36,Royal Challengers Bengaluru,Kolkata Knight Riders,2023-04-26,7:30 pm,2023
Match 37,Rajasthan Royals,Chennai Super Kings,2023-04-27,7:30 pm,2023
Match 38,Punjab Kings,Lucknow Super Giants,2023-04-28,7:30 pm,2023
Match 39,Kolkata Knight Riders,Gujarat Titans,2023-04-29,3:30 pm,2023
Match 40,Delhi Capitals,Sunrisers Hyderabad,2023-04-29,7:30 pm,2023
Match 41,Chennai Super Kings,Punjab Kings,2023-04-30,3:30 pm,2023
Match 42,Mumbai Indians,Rajasthan Royals,2023-04-30,7:30 pm,2023
Match 43,Lucknow Super Giants,Royal Challengers Bengaluru,2023-05-01,7:30 pm,2023
Match 44,Gujarat Titans,Delhi Capitals,2023-05-02,7:30 pm,2023
Match 45,Lucknow Super Giants,Chennai Super Kings,2023-05-03,3:30 pm,2023
Match 46,Punjab Kings,Mumbai Indians,2023-05-03,7:30 pm,2023
Match 47,Sunrisers Hyderabad,Kolkata Knight Riders,2023-05-04,7:30 pm,2023
Match 48,Rajasthan Royals,Gujarat Titans,2023-05-05,7:30 pm,2023
Match 49,Chennai Super Kings,Mumbai Indians,2023-05-06,3:30 pm,2023
Match 50,Delhi Capitals,Royal Challengers Bengaluru,2023-05-06,7:30 pm,2023
Match 51,Gujarat Titans,Lucknow Super Giants,2023-05-07,3:30 pm,2023
Match 52,Rajasthan Royals,Sunrisers Hyderabad,2023-05-07,7:30 pm,2023
Match 53,Kolkata Knight Riders,Punjab Kings,2023-05-08,7:30 pm,2023
Match 54,Mumbai Indians,Royal Challengers Bengaluru,2023-05-09,7:30 pm,2023
Match 55,Chennai Super Kings,Delhi Capitals,2023-05-10,7:30 pm,2023
Match 56,Kolkata Knight Riders,Rajasthan Royals,2023-05-11,7:30 pm,2023
Match 57,Mumbai Indians,Gujarat Titans,2023-05-12,7:30 pm,2023
Match 58,Sunrisers Hyderabad,Lucknow Super Giants,2023-05-13,3:30 pm,2023
Match 59,Delhi Capitals,Punjab Kings,2023-05-13,7:30 pm,2023
Match 60,Rajasthan Royals,Royal Challengers Bengaluru,2023-05-14,3:30 pm,2023
Match 61,Chennai Super Kings,Kolkata Knight Riders,2023-05-14,7:30 pm,2023
Match 62,Gujarat Titans,Sunrisers Hyderabad,2023-05-15,7:30 pm,2023
Match 63,Lucknow Super Giants,Mumbai Indians,2023-05-16,7:30 pm,2023
Match 64,Punjab Kings,Delhi Capitals,2023-05-17,7:30 pm,2023
Match 65,Sunrisers Hyderabad,Royal Challengers Bengaluru,2023-05-18,7:30 pm,2023
Match 66,Punjab Kings,Rajasthan Royals,2023-05-19,7:30 pm,2023
Match 67,Delhi Capitals,Chennai Super Kings,2023-05-20,3:30 pm,2023
Match 68,Kolkata Knight Riders,Lucknow Super Giants,2023-05-20,7:30 pm,2023
Match 69,Mumbai Indians,Sunrisers Hyderabad,2023-05-21,3:30 pm,2023
Match 70,Royal Challengers Bengaluru,Gujarat Titans,2023-05-21,7:30 pm,2023
Qualifier 1,Gujarat Titans,Chennai Super Kings,2023-05-23,7:30 pm,2023
Eliminator,Lucknow Super Giants,Mumbai Indians,2023-05-24,7:30 pm,2023
Qualifier 2,Gujarat Titans,Mumbai Indians,2023-05-26,7:30 pm,2023
Final,Chennai Super Kings,Gujarat Titans,2023-05-29,7:30 pm,2023
Match 1,Chennai Super Kings,Royal Challengers Bengaluru,2024-03-22,8:00 pm,2024
Match 2,Punjab Kings,Delhi Capitals,2024-03-23,3:30 pm,2024
Match 3,Kolkata Knight Riders,Sunrisers Hyderabad,2024-03-23,7:30 pm,2024
Match 4,Rajasthan Royals,Lucknow Super Giants,2024-03-24,3:30 pm,2024
Match 5,Gujarat Titans,Mumbai Indians,2024-03-24,7:30 pm,2024
Match 6,Royal Challengers Bengaluru,Punjab Kings,2024-03-25,7:30 pm,2024
Match 7,Chennai Super Kings,Gujarat Titans,2024-03-26,7:30 pm,2024
Match 8,Sunrisers Hyderabad,Mumbai Indians,2024-03-27,7:30 pm,2024
Match 9,Rajasthan Royals,Delhi Capitals,2024-03-28,7:30 pm,2024
Match 10,Royal Challengers Bengaluru,Kolkata Knight Riders,2024-03-29,7:30 pm,2024
Match 11,Lucknow Super Giants,Punjab Kings,2024-03-30,7:30 pm,2024
Match 12,Gujarat Titans,Sunrisers Hyderabad,2024-03-31,3:30 pm,2024
Match 13,Delhi Capitals,Chennai Super Kings,2024-03-31,7:30 pm,2024
Match 14,Mumbai Indians,Rajasthan Royals,2024-04-01,7:30 pm,2024
Match 15,Royal Challengers Bengaluru,Lucknow Super Giants,2024-04-02,7:30 pm,2024
Match 16,Delhi Capitals,Kolkata Knight Riders,2024-04-03,7:30 pm,2024
Match 17,Gujarat Titans,Punjab Kings,2024-04-04,7:30 pm,2024
Match 18,Sunrisers Hyderabad,Chennai Super Kings,2024-04-05,7:30 pm,2024
Match 19,Rajasthan Royals,Royal Challengers Bengaluru,2024-04-06,7:30 pm,2024
Match 20,Mumbai Indians,Delhi Capitals,2024-04-07,3:30 pm,2024
Match 21,Lucknow Super Giants,Gujarat Titans,2024-04-07,7:30 pm,2024
Match 22,Chennai Super Kings,Kolkata Knight Riders,2024-04-08,7:30 pm,2024
Match 23,Punjab Kings,Sunrisers Hyderabad,2024-04-09,7:30 pm,2024
Match 24,Rajasthan Royals,Gujarat Titans,2024-04-10,7:30 pm,2024
Match 25,Mumbai Indians,Royal Challengers Bengaluru,2024-04-11,7:30 pm,2024
Match 26,Lucknow Super Giants,Delhi Capitals,2024-04-12,7:30 pm,2024
Match 27,Punjab Kings,Rajasthan Royals,2024-04-13,7:30 pm,2024
Match 28,Kolkata Knight Riders,Lucknow Super Giants,2024-04-14,3:30 pm,2024
Match 29,Mumbai Indians,Chennai Super Kings,2024-04-14,7:30 pm,2024
Match 30,Royal Challengers Bengaluru,Sunrisers Hyderabad,2024-04-15,7:30 pm,2024
Match 31,Kolkata Knight Riders,Rajasthan Royals,2024-04-16,7:30 pm,2024
Match 32,Gujarat Titans,Delhi Capitals,2024-04-17,7:30 pm,2024
Match 33,Punjab Kings,Mumbai Indians,2024-04-18,7:30 pm,2024
Match 34,Lucknow Super Giants,Chennai Super Kings,2024-04-19,7:30 pm,2024
Match 35,Delhi Capitals,Sunrisers Hyderabad,2024-04-20,7:30 pm,2024
Match 36,Kolkata Knight Riders,Royal Challengers Bengaluru,2024-04-21,3:30 pm,2024
Match 37,Punjab Kings,Gujarat Titans,2024-04-21,7:30 pm,2024
Match 38,Rajasthan Royals,Mumbai Indians,2024-04-22,7:30 pm,2024
Match 39,Chennai Super Kings,Lucknow Super Giants,2024-04-23,7:30 pm,2024
Match 40,Delhi Capitals,Gujarat Titans,2024-04-24,7:30 pm,2024
Match 41,Sunrisers Hyderabad,Royal Challengers Bengaluru,2024-04-25,7:30 pm,2024
Match 42,Kolkata Knight Riders,Punjab Kings,2024-04-26,7:30 pm,2024
Match 43,Delhi Capitals,Mumbai Indians,2024-04-27,3:30 pm,2024
Match 44,Lucknow Super Giants,Rajasthan Royals,2024-04-27,7:30 pm,2024
Match 45,Gujarat Titans,Royal Challengers Bengaluru,2024-04-28,3:30 pm,2024
Match 46,Chennai Super Kings,Sunrisers Hyderabad,2024-04-28,7:30 pm,2024
Match 47,Kolkata Knight Riders,Delhi Capitals,2024-04-29,7:30 pm,2024
Match 48,Lucknow Super Giants,Mumbai Indians,2024-04-30,7:30 pm,2024
Match 49,Chennai Super Kings,Punjab Kings,2024-05-01,7:30 pm,2024
Match 50,Sunrisers Hyderabad,Rajasthan Royals,2024-05-02,7:30 pm,2024
Match 51,Mumbai Indians,Kolkata Knight Riders,2024-05-03,7:30 pm,2024
Match 52,Royal Challengers Bengaluru,Gujarat Titans,2024-05-04,7:30 pm,2024
Match 53,Punjab Kings,Chennai Super Kings,2024-05-05,3:30 pm,2024
Match 54,Lucknow Super Giants,Kolkata Knight Riders,2024-05-05,7:30 pm,2024
Match 55,Mumbai Indians,Sunrisers Hyderabad,2024-05-06,7:30 pm,2024
Match 56,Delhi Capitals,Rajasthan Royals,2024-05-07,7:30 pm,2024
Match 57,Sunrisers Hyderabad,Lucknow Super Giants,2024-05-08,7:30 pm,2024
Match 58,Punjab Kings,Royal Challengers Bengaluru,2024-05-09,7:30 pm,2024
Match 59,Gujarat Titans,Chennai Super Kings,2024-05-10,7:30 pm,2024
Match 60,Kolkata Knight Riders,Mumbai Indians,2024-05-11,7:30 pm,2024
Match 61,Chennai Super Kings,Rajasthan Royals,2024-05-12,3:30 pm,2024
Match 62,Royal Challengers Bengaluru,Delhi Capitals,2024-05-12,7:30 pm,2024
Match 63,Gujarat Titans,Kolkata Knight Riders,2024-05-13,7:30 pm,2024
Match 64,Delhi Capitals,Lucknow Super Giants,2024-05-14,7:30 pm,2024
Match 65,Rajasthan Royals,Punjab Kings,2024-05-15,7:30 pm,2024
Match 66,Sunrisers Hyderabad,Gujarat Titans,2024-05-16,7:30 pm,2024
Match 67,Mumbai Indians,Lucknow Super Giants,2024-05-17,7:30 pm,2024
Match 68,Royal Challengers Bengaluru,Chennai Super Kings,2024-05-18,7:30 pm,2024
Match 69,Sunrisers Hyderabad,Punjab Kings,2024-05-19,3:30 pm,2024
Match 70,Rajasthan Royals,Kolkata Knight Riders,2024-05-19,7:30 pm,2024
Qualifier 1,Kolkata Knight Riders,Sunrisers Hyderabad,2024-05-21,7:30 pm,2024
Eliminator,Rajasthan Royals,Royal Challengers Bengaluru,2024-05-22,7:30 pm,2024
Qualifier 2,Sunrisers Hyderabad,Rajasthan Royals,2024-05-24,7:30 pm,2024
Final,Kolkata Knight Riders,Sunrisers Hyderabad,2024-05-26,7:30 pm,2024
